Club ID|Club Name|Committee
01010004|C U E NCIPKGW|01
01010033|CL NC DQKUUG|01
01010069|CU DTGUUCPG VV|01
01010027|CUE CODGTKGW V.V.|01
01010060|DTGUUG VV|01
01010059|ENWD FG VGPPKU FG VCDNG IGUUKGP|01
01010062|ENWD VGPPKU FG VCDNG HGKNNGPU|01
01010068|EQTEA VGPPKU FG VCDNG|01
01010023|Gpv. HTCPU-XKNNGPGWXG VV|01
01010001|JCWV DWIGA VV|01
01010020|NL UV GVKGPPG FW DQKU|01
01010063|OGZKOKGWZ VV|01
01010031|OKTKDGN VGPPKU FG VCDNG|01
01010076|UCKPV LGCP VGPPKU FG VCDNG|01
01010061|UCQPG-XCNNGG VV|01
01010073|UGN QAQPPCZ VV|01
01010009|UVV OGBGTKCV|01
01010054|UWF TGXGTOQPV VGPPKU FG VCDNG|01
01010044|VV DCUUKP DGNNGICTFKGP|01
01010017|VV RQPV FG XCWZ|01
01010071|VV UV FGPKU NGU DQWTI|01
01010077|VVR 01110 Rncvgcw f'Jcwvgxknng|01
07020055|DGCWVQT IU|02
07020009|DWKTG EVV|02
07021011|EF CKUPG EQTRQ VV|02
07021006|EJCTNA-GVCORGU RE|02
07020019|EJCVGCW VJKGTTA EVV|02
07020037|EJCWPA-CWVTGXKNNG CEVV|02
07021005|EQPFG GP DTKG WVV|02
07021016|EQWTOGNNGU ETQWA GVV|02
07021012|ETGRA VV|02
07020073|EWHHKGU NN  PT|02
07021017|GVTGWZ VV|02
07020014|HTGUPQA NG ITCPF VV|02
07021010|IWKIPKEQWTV EVV|02
07020001|IWKUG VV|02
07021019|JKTUQP VVE|02
07020065|JQNPQP VV|02
07020003|NC ECRGNNG VV|02
07020044|NCQP CURVV|02
07021021|NCQP VV|02
07021020|OCTNG VV|02
07020062|RKPQP-CPKBA VV|02
07021009|TQBQA VJKGTCEJG VV|02
07020064|UCKPU TKEJCWOQPV VV|02
07020024|UKUUQPPG ER VV|02
07020040|UQKUUQPU CURVV|02
07020036|UV SWGPVKP / JCTNA CURVV|02
07020015|UV SWGPVKP VV|02
07020030|VGTIPKGT GUE|02
07020031|XGPKBGN VV|02
07021015|XGUNGU GV ECWOQPV CUE|02
07021013|XKXCKUG CUE VV|02
01030305|C.N. OCAGV FG OQPVCIPG V.V|03
01030299|C.U.V.V. O.C. OQPVDGWIPA|03
01030042|CUE UCKPV IGTOCKP VV|03
01030035|CURVV  OQPVNWEQP|03
01030128|CUVV ETGEJA|03
01030316|Cuuqekcvkqp Urqtvkxg Rctqfkgppg|03
01030165|DKQBCV VGPPKU FG VCDNG|03
01030227|EJCTOGKN RRE|03
01030094|EQOOGPVTA VGPPKU FG VCDNG|03
01030308|GVQKNG CIINQ OQWNKPU ABGWTG VV|03
01030300|JCWVGTKXG-DTWIJGCU V.V.|03
01030319|Rkpi Rqpi Enwd XCTGPPQKU|03
01030043|UE Uv Rqwteckp Vgppku fg Vcdng|03
01030108|UN. XKEJA VV|03
01030291|VGPPKU FG VCDNG FG NCRCNKUUG|03
01030310|VGPPKU FG VCDNG NG DTGVJQP|03
01030212|VV DQWTDQP|03
01030082|VV EWUUGV|03
13040030|CU. VGPPKU FG VCDNG RKGTTGXGTV|04
13040035|ICR JCWVGU CNRGU VV|04
13040025|QTCKUQP VGPPKU FG VCDNG|04
13040005|R R E UKUVGTQPPCKU|04
13040036|RKPI ECVWTKIG|04
13040038|VGPPKU FG VCDNG DCUVKFQP|04
13040024|VGPPKU FG VCDNG FKIPQKU|04
13040008|VGPPKU FG VCDNG GODTWPCKU|04
13040013|VV DTKCPEQP|04
13040023|VV RCAU FG IKQPQ|04
13040015|VV WDCAG|04
13060037|C U V V XCNNCWTKU-IQNHG LWCP|06
13060007|C.U. OQPCEQ|06
13060074|CQ VQWTTGVVG NGXGPU|06
13060088|CU NG DTQE VV|06
13060082|CU XGPEG V.V.|06
13060031|E E E H PKEG vgppku fg vcdng|06
13060080|E.C.U. GCWZ|06
13060064|ECPPGV EQVG F CBWT VV|06
13060119|EQNQOCTU QNAORKE ENWD VV|06
13060110|EVV XKNNGHTCPEJG EQTPKEJG F'CBWT|06
13060063|G.U. XKNNGPGWXG NQWDGV|06
13060001|ICBGNGE URQTV PKEG EV CBWT|06
13060121|ITCUUG VGPPKU FG VCDNG|06
13060052|IUGO VV PKEG|06
13060043|NG VGPPKU FG VCDNG OCPFGNKGW|06
13060029|Nc Ugogwug Pkeg|06
13060066|PKEG ECXKICN VGPPKU FG VCDNG|06
13060008|Q.CPVKDGU LWCP NGU RKPU|06
13060090|RKPI RCUUKQP EJCVGCWPGWH|06
13060072|UE OQWCPU UCTVQWZ V V|06
13060114|UQRJKC VGPPKU FG VCDNG|06
13060122|UQURGN RKPI|06
13060085|UVGNNC URQTVU OGPV/TQSWGD.|06
13060111|VGCO NWEKCP VCWV 06 VV PKEG|06
13060005|VTKPKVG URQTVU VGPPKU FG VCDNG|06
06080029|CWXKNNGTU-GVGKIPKGTGU VV|08
06080099|DCKTQP Vgppku fg Vcdng|08
06080006|DCBGKNNGU RRE|08
06080087|ECTKIPCP AXQKUKGP EVV|08
06080035|EJCTNGXKNNG OGBKGTGU CTFGPPGU VV|08
06080050|ENCXA YCTDA CUN|08
06080015|ENKTQP RRE|08
06080044|EVV XQWBKGTU|08
06080043|GVTGRKIPA VV|08
06080024|HNQKPI RRE|08
06080005|IKXGV EVV|08
06080082|INCKTG CUVV|08
06080017|JCTEA HRV|08
06080059|NC PGWXKNNG GP VQWTPG C HWA VVE|08
06080045|NGU OCBWTGU VV|08
06080093|OQIWGU VV|08
06080047|OQPVEA PQVTG FCOG RRE|08
06080097|OQPVJGTOG EVV|08
06080057|PQWXKQP HNKBG WUE|08
06080074|PQWBQPXKNNG EVV|08
06080072|RQKZ VGTTQP EVV|08
06080076|TGVJGNQKU RRE|08
06080014|TGXKP - JCADQKUG VV|08
06080004|UGFCP VV|08
06080013|VCIPQP RRE|08
06080003|WU TQETQK VGPPKU FG VCDNG|08
06080064|XKXKGT CW EQWTV EVV|08
06080053|YCTES VE|08
11090014|CVV RCAU F QNOGU|09
11090002|ER UV IKTQPPCKU|09
11090009|RRE CRRCOGGP|09
11090001|RRE HWZGGP|09
11090019|VGPPKU FG VCDNG ETKVQWTKGP|09
06100041|CKZ GP QVJG UFVFV|10
06100021|CTEKU CUCVV|10
06100048|DCT UWT CWDG Vgppku fg Vcdng|10
06100016|DCT UWT UGKPG HL|10
06100046|DTKGPPG ER|10
06100017|NC EJCRGNNG UV NWE CLHD|10
06100004|OQWUUGA EU|10
06100005|TQOKNNA URQTVU 10|10
06100040|TQOKNNA-XKNNGPCWZG ECR|10
06100032|UCKPV CPFTG CUVV Ftacvg|10
06100035|UV OGUOKP-XCNNCPV VV|10
06100007|UV RCTTGU CWZ VGTVTGU CUV|10
06100015|VTQAGU LGWPG ICTFG|10
06100002|VTQAGU Q.U - PQKU VV|10
11110023|ECTECUUQPPG OLE RQPIKUVG|11
11110028|ECXGU NGWECVG VGPPKU FG VCDNG|11
11110035|NGU TCSWGVVGU OCTVAPQNGU|11
11110015|NGBKIPCP EQTDKGTGU OLE VV|11
11110009|NKOQWZ VV|11
11110024|OLE ITWKUUCP VGPPKU FG VCDNG|11
11110027|PCTDQPPG Vgppku fg Vcdng|11
11110001|PGXKCP VV 2001|11
11110033|RGZKQTC VGPPKU FG VCDNG|11
11110032|Ukigcp Vgppku fg Vcdng|11
11110013|VTGDGU  VV|11
11110029|Vgppku Fg Vcdng Xknncig Rcuukqp|11
11120042|E.E.U. UGXGTCICKU|12
11120017|GURCNKQP CXGATQP VGPPKU fg VCDNG|12
11120026|QPGV NG EJCVGCW V.V.|12
11120009|RKPI ENWD F'QNGORU|12
11120043|RKPI RQPI ECRFGPCEQKU|12
11120052|RKPI XCNNQP|12
11120045|RRE NKQWLCEQKU|12
11120047|RRE XKNNGHTCPEJQKU|12
11120004|UVCFG QNAORKSWG OKNNCXQKU|12
11120024|V.V.ECTEGPCE DCTCSWGXKNNG|12
11120046|VV FGECBGXKNNQKU|12
13130152|CKZ NGU OKNNGU VV|13
13130170|CNRKNNGU VV GAIWKGTGU|13
13130012|CU OKTCOCU|13
13130175|CUC RKPI XGNCWZ|13
13130004|CUCPF OCTUGKNNG|13
13130137|CUE NCPDGTPCE|13
13130022|CUUWR HQU UWT OGT|13
13130067|CWDCIPG VV|13
13130161|EGATGUVG RR|13
13130118|EVV HQPVTQWIG - UCWUUGV|13
13130124|HT UCKPV-ECPPCV|13
13130146|IKIPCE XKVTQNNGU VV|13
13130159|KUVTGU VGPPKU FG VCDNG|13
13130178|LCWOGICTFG VGPPKU FG VCDNG|13
13130165|NG OQPFG FW RKPIRQPI|13
13130014|OCKUQP RQWT VQWU VV NC EKQVCV|13
13130181|OCTUGKNNG 13 VGPPKU FG VCDNG|13
13130162|OCTUGKNNG VGPPKU FG VCDNG|13
13130133|QNAORKSWG ECDTKGU-ECNCU VV|13
13130154|RKPI RQPI FG XGPGNNGU|13
13130145|RKPI RQPI LQWSWCTF|13
13130148|TQIPCE WVV|13
13130166|UCNQP VGPPKU FG VCDNG|13
13130157|UNE VV UCKPV-TGOA-FG-RTQXGPEG|13
13130176|VGPPKU FG VCDNG FG RQTV FG DQWE|13
13130138|VGPPKU FG VCDNG OGATGWKN|13
13130180|VV DQWE DGN CKT - UKOKCPG|13
13130158|VV EJCVGCWPGWH NC OGFG|13
13130164|VV EJCVGCWTGPCTFCKU|13
13130013|VV OCTVKIWGU UNE|13
13130005|VVE CTNGU|13
13130026|WU EJGOKPQVU OCTUGKNNCKU|13
13130049|WUE ITCPFG DCUVKFG|13
13130100|WVV UCKPV-OCTVKP FG ETCW|13
09140007|CI Ecgp|14
09140128|CU URQTV. EQTOGNNGU VGPPKU VCDNG|14
09140224|CUNQ VV  VQWTXKNNG XGTUQP|14
09140130|CUVV HQPVGPCA NG RGUPGN|14
09140239|CWVJKG VGPPKU FG VCDNG|14
09140009|CXCPV-ICTFG-FGCWXKNNCKUG|14
09140055|Cokecng Rqpikuvg fg Qwkuvtgjco|14
09140014|DCAGWZ VV|14
09140227|DTGVVGXKNNG N QTI/TQVU CUUVV|14
09140083|DTGVVGXKNNG UWT NCKBG GXE|14
09140012|ECDQWTI VV|14
09140019|ECGP CURVV|14
09140156|ECGP VVE|14
09140071|ENWD JQPHNGWTCKU FG VGPPKU FG VC|14
09140013|EQPFG/PQKTGCW UNUP|14
09140211|EQWTVQPPG NC OGWTFTCE HTVV|14
09140162|FQWXTGU VGPPKU FG VCDNG|14
09140218|FQBWNGGPPG CUVV|14
09140127|GXTGEA VV|14
09140072|HCNCKUG GU|14
09140216|HGTXCSWGU NR|14
09140123|HNGWTA UWT QTPG EUR|14
09140167|HQPVCKPG-GVQWRGHQWT VV|14
09140063|HTGPQWXKNNCKU VV|14
09140231|ITGPVJGXKNNG WUVV|14
09140060|JQWNICVCKUG T|14
09140195|NC JQIWGVVG HT|14
09140202|NG OGUPKN OCWIGT NRV|14
09140179|NG RTG F CWIG-NC DQKUUKGTG CVV|14
09140032|NKUKGWZ CUVV|14
09140111|NQWXKIPA CUN VV|14
09140235|OQPFGXKNNG VV|14
09140237|OQWNVCKU CXGPKT URQTVKH|14
09140201|OQACWUCKPG CVV|14
09140228|PCETG VGPPKU FG VCDNG|14
09140003|RGVTWXKGPPG WU|14
09140054|RQPV N GXGSWG WU|14
09140190|RQTV GP DGUUKP E|14
09140147|Tgxgkn Rqpikuvg Xcuuggp|14
09140238|UCNKPG VGPPKU FG VCDNG|14
09140078|UV CPFTG/QTPG WUUC|14
09140234|UV EQPVGUV VV|14
09140200|UV NCWTGPV FG EQPFGN VV HT|14
09140174|VJCQP ETGWNNA VGPPKU FG VCDNG|14
09140052|VTQCTP VV|14
09140189|VV FG NC UWKUUG PQTOCPFG|14
09140023|WUOXKTG Vgppku fg Vcdng|14
09140115|XKNNGTU DQECIG WU|14
01150299|CUVV fg NCTQSWGDTQW|15
01150148|E.Q. CTRCLQP|15
01150303|Rkpi fw Rcau fg Pcwegnngu|15
01150278|UV IGQTIGU U.N.|15
01150307|VGPPKU FG VCDNG 3 TQEJGTU OWTCV|15
01150291|VGPPKU FG VCDNG OCWTKCE|15
01150290|VV FW RCAU FG OCWTU|15
01150159|Vgppku fg Vcdng Cwtknnceqku|15
01150306|Wpkqp Urqtvkxg Octocpjceqkug V V|15
10160122|CR Ugxgtkpqkug|16
10160237|Ckitg Enwd Rqpikuvg fw Rcau|16
10160029|Cpiqwngog  VVIH|16
10160010|Ejcdcpcku vgppku fg vcdng|16
10160085|Ejcncku - Oqpvoqtgcw|16
10160028|Ejcuugpgwkn V.V.E.|16
10160044|Ejcvgcwdgtpctf UN VV|16
10160051|Ejcvgcwpgwh VV Ecuvgnpqxkgp|16
10160240|Ejcbgnnqku Eqrckpu Rqpikuvgu|16
10160040|Eqipce WC|16
10160236|Eqphqngpu Vgppku fg Vcdng|16
10160049|Hngce O L E|16
10160024|Iqpf Rqpvqwxtg V.V.I.R.|16
10160186|N'Kung f'Gurcipce 3UVV|16
10160023|Nc Eqwtqppg EQE|16
10160232|Nc Tqejghqwecwnf WC VV|16
10160059|Ocipce/Vqwxtg VV Rktqpu|16
10160003|Ocpung   Eqsu Tqwigu|16
10160030|Ogtrkpu  W U|16
10160047|Oqpvdtqp Enwd Rqpikuvg|16
10160018|Oqtpce Vgppku fg Vcdng|16
10160185|Rwaoqagp Vgppku fg Vcdng|16
10160225|Twhhge Enwd Vgppku fg Vcdng|16
10160042|UVV Dtkg Ejcorpkgtu|16
10160071|VV Nwejce-Ejcuuqtu|16
10160069|VVE Dckipgu gv Dctdgbkgwz|16
10160196|VVE UI.TQWKNNCE|16
10160226|Vqtuce Enwd Rqpikuvg|16
10160013|Vqwttkgtu Lcwnfgu GR|16
10160197|Xctu Gpvgpvg Rqpikuvg|16
10160223|Xknnghcipcp Cpkocvkqp Nqkuktu|16
10170029|Ckitghgwknng ER|17
10170049|Cpiqwnkpu VV|17
10170240|Cvncpvkswg Vgppku fg Vcdng 17|17
10170178|Dqtfu VV|17
10170218|Dqwtipgwh/Uv-Tqicvkgp VV|17
10170223|Dwtkg EVV|17
10170028|Enwd Rqpikuvg Pkgwncku|17
10170051|Enwd Rqpikuvg Tqejgncku|17
10170034|Eqtog Tqacn VVE|17
10170009|Eqbgu enwd rqpikuvg|17
10170064|Hqwtcu ER|17
10170005|Igoqbce Vgppku fg Vcdng|17
10170024|Lqpbce ER|17
10170012|Nc Tqejgnng CURVV|17
10170004|Nc rgvkvg tcs. Oqpvknu-Octkipce|17
10170162|Octcpu-Eqwteqp CNVV|17
10170031|Octgppgu Qngtqp ERROQ|17
10170003|Oktcodgcw OVV|17
10170007|Oqpvnkgw NC ICTFG V V|17
10170237|Owtqp Vgppku fg Vcdng HT|17
10170042|Ritkipa Rkpi|17
10170073|Tqejghqtv ETVV|17
10170138|Tqacp Icbgnge Urqtvu|17
10170239|UV JKRRQNAVG VV|17
10170050|Uckpvgu WUUVV|17
10170158|Uv Igqtigu fgu Eqvgcwz CU|17
10170150|Uv Igtockp Nwukipcp HT|17
10170046|Uv Lgcp f'Cpigna VV|17
10170214|Uwtigtgu CER|17
10170235|V.V. Gejknncku|17
10170241|VGPPKU FG VCDNG XKNNGFQWZ C.|17
10170229|W.R. Uv Igpku Ejcorcipce|17
04180732|CXGPKT FG NKIPKGTGU VV|18
04180157|CXQTF VV|18
04180734|DCWIA VGPPKU FG VCDNG|18
04180486|E R DKIPA XCNNGPCA|18
04180644|E.U. OKEJGNKP|18
04180174|EGTENG RQPIKUVG OGJWPQKU|18
04180613|ELO DQWTIGU VV|18
04180621|G.R. ITCECA-IGPQWKNNA|18
04180304|H.L. HQGEA VV|18
04180711|HQAGT TWTCN RCTCUUA V.V.|18
04180694|ICBGNGE DGNNGXKNNG|18
04180057|ICBGNGE DQWTIGU VV|18
04180740|Jtrkvcn Xkgtbqp Rkpi|18
04180738|UCKPV COCPF RKPI|18
04180530|UNF.HWUUA|18
04180313|UV. FQWNEJCTF VV.|18
04180682|V.V. IGTOKPQKU|18
04180737|VGPPKU FG VCDNG UWF EJGT|18
04180729|VGPPKU FG VCDNG XCNNQPPCKU|18
04180041|VV CWDKIPA UWT PGTG|18
04180728|VV RNCKORKGF  IKXCWFKPU|18
04180716|VV UKRU FWP UWT CWTQP|18
04180485|VV.DGNNGXKNNG-NGTG|18
04180696|XKGTBQP RKPI|18
10190108|CURQ DTKXG|19
10190111|CURVV FG VWNNG|19
10190075|GPVGPVG DCUUGU OQPGFKGTGU|19
10190151|HEU WBGTEJG|19
10190120|HTLGR UV IGTOCKP N XGTIPGU|19
10190073|Jcwvg Eqttgbg Vgpp.fg Vcdn|19
10190148|Ncictfg Cndwuuce Okfk Eqttgbkgp|19
10190096|OGAOCE CVJNGVKE ENWD|19
10190134|Rkpi Ucttqwz Uv Lwnkgp|19
10190043|TCSWGVVG CTFQKUKGTG|19
10190145|UCKPVG HQTVWPCFG EQTPKN VV|19
10190080|UV XKCPEG VGPPKU FG VCDNG|19
10190149|Uckpv-Engo'Vgppku fg Vcdng|19
10190066|VGPPKU FG VCDNG DTKXKUVG|19
10190147|VV PGURQWNU|19
10190133|Zckpvtkg VV|19
02210081|CNE NQPIXKE|21
02210029|CUE UCKPV CRQNNKPCKTG|21
02210052|EJGXKIPA VGPPKU FG VCDNG|21
02210007|EN OCTUCPPCA VGPPKU FG VCDNG|21
02210088|ENWD RQPIKUVG DGNNGPGWXQKU|21
02210059|ENWD RQPIKUVG IGPNKUUKGP|21
02210126|EQTRQU EF 21|21
02210100|EUVV VCNCPV|21
02210101|FKLQP VGPPKU FG VCDNG|21
02210048|GVQKNG CWZQPPCKUG VGPPKU FG VCDN|21
02210005|HKNU FG HTCPEG FG DGCWPG|21
02210089|HT NCOCTEJG UWT UCQPG VV|21
02210127|UGOWT OQPVDCTF VGPPKU FG VCDNG|21
02210129|VGPPKU FG VCDNG UCWNKGW|21
02210037|VV FW EJCVKNNQPPCKU|21
02210119|VV PQNCA RCUUKQP|21
02210123|VV RQWKNNA GP CWZQKU|21
02210039|WU EJGOKPQVU FKLQP|21
03220047|7 KNGU VV|22
03220013|C.U. OKPKJA-VTGIWKGT VV|22
03220005|CTOQT RKPI RNQWHTCICP|22
03220142|CU IQGNQ VV|22
03220033|Cticpvgn Enwd RNGTKP|22
03220129|DGICTF VV|22
03220001|E.R. RNGXKPQKU|22
03220143|Enwd Qnaorkswg Rnqwjcvkp|22
03220087|GPVGPVG FKPCP VV|22
03220011|GPVGPVG VV RQPVTKGWZ|22
03220048|GURGTCPEG UV-SWCA RQTVTKGWZ|22
03220022|I.O. UV-RQVCP|22
03220007|IQWFGNKP/RNQWJC V.V.|22
03220002|NC EJCVGNCWFTKPCKUG|22
03220139|RGPVJKGXTG NCODCNNG VV|22
03220138|UV-DTKGWE VV UV-NCODGTV|22
03220031|V.V. RNGOGV|22
03220123|VV Codkvkqp-Nqkuktu-RNQWOCIQCT|22
03220041|VV GTSWA/RNGPGWH|22
03220064|VV ITCEGU|22
03220008|VV NC DCKG AHHKPKCE|22
03220127|VV NQWCPPGE RNQWCTGV NCPPKQP|22
03220037|VV SWGXGTV|22
03220065|VVE ITCPF NCPXCNNCA|22
03220124|Vgppku fg Vcdng EQTNCA|22
03220052|Vgppku fg Vcdng eqtrq dtkqejkp|22
03220128|WR RNGFTCPCKUG|22
03220113|WU RNQWDCNCA|22
03220004|AXKIPCE NC VQWT V.V.|22
10230105|CGN IWGTGV|23
10230067|Gpvgpvg Rqpikuvg Rcau Uquvtcpkgp|23
10230111|VV ITCPF-DQWTI|23
10240020|CN EQWNQWPKGKZ V V|24
10240003|CURVV ITCPF RGTKIWGWZ|24
10240007|CUVV VGTTCUUQP|24
10240001|G H DGTIGTCE|24
10240002|T NKPFQKUG|24
10240026|T. RQPEJCRVQKUG GP RCAU HQAGP|24
10240005|UCTNKCE VGPPKU FG VCDNG|24
10240015|UV OGFCTF FG OWUUKFCP VV|24
10240030|VV CWDCU|24
10240018|VV FW RGTKIQTF PQKT|24
10240039|VV UCKPV CPFTG CNNCU|24
10240014|VV UCTNCFCKU|24
10240006|VV VTGNKUUCEQKU|24
10240036|VVE TKDGTCEQKU|24
02250059|C W Q RQPV FG TQKFG|25
02250199|CGR GVQKNG|25
02250216|CNG RGNQWUGA|25
02250151|COKECNG RQPIKUVG DQWENCPU|25
02250204|CU CXQWFTGA V V|25
02250186|CU UV RCWN IQWZ NGU WUKGTU|25
02250066|CU XCNGPVKIPGA VGPPKU FG VCDNG|25
02250154|CUE FGU CWZQPU VV|25
02250033|CUE NCXGTPCA|25
02250205|CUE OCVJCA|25
02250007|CUECR UQEJCWZ VV|25
02250196|CUVV OQTTG / GVCNCPU|25
02250137|CXCPPG CXGPGA VV|25
02250052|CXGPKT FG OCPFGWTG|25
02250224|CXGPKT FG VJKUG|25
02250162|DQWTIWKIPQP|25
02250016|EC RQPVCTNKGT|25
02250031|EGTENG RQPIKUVG QTPCPCKU|25
02250083|EVV XCNFCJQP|25
02250213|GVQKNG URQTVKXG UV HGTLGWZ|25
02250176|HQAGT TWTCN NGU DCPPQ|25
02250185|HTCUPG|25
02250015|LC OCKEJG|25
02250235|LGWPGUUG GV EWNVWTG OQPVHGTTCPF|25
02250221|NC DQWUDQVVG|25
02250231|NC UCKPV OKEJGN OQTVGCW|25
02250110|OCOKTQNNG VGPPKU ENWD|25
02250229|OCTEJCWZ VGPPKU FG VCDNG|25
02250095|OL GRGPQA|25
02250132|RKPI EJGOCWFKP-GV-XCWZ|25
02250021|RR ENWD N'KUNQKU|25
02250193|RRE DCXCPU|25
02250002|RRE HGUEJGU NG EJCVGN|25
02250217|UGR EJCNGBGWNG|25
02250017|V FG V UGNQPEQWTVQKU|25
02250197|VGPPKU FG VCDNG EJCORNKXG|25
02250125|VGPPKU FG VCDNG FG FCORTKEJCTF|25
02250192|VGPPKU FG VCDNG XQWLGCWEQWTV|25
02250138|VV CTDQWCPU|25
02250234|VV TQEJG-DGUCPEQP|25
02250070|VV UCKPV-XKV|25
02250208|WU DCWOG NGU FCOGU|25
02250024|WU VQTRGU DQWUUKGTGU|25
01260004|C.V.V. Fttog Rtqxgpgcng|26
01260056|CKTG RKPI|26
01260010|CURVV TQOCPU|26
01260034|CUUQE FW VV F'CWDGPCU-XCNU|26
01260045|GPVGPVG DNCEQPU-ETGUV VV|26
01260024|GPVGPVG TJQFCPKGPPG V V|26
01260035|NC XQWNVG VV|26
01260062|NG EJGANCTF VGPPKU FG VCDNG|26
01260060|NG VGKN QCUKU VGPPKU FG VCDNG|26
01260055|RKPI RQPI ENWD FKGWNGHKVQKU|26
01260074|Rkpi Xcnnqp Rqpv f'Cte|26
01260015|UE RTKXCU VV|26
01260040|V.V. OQPVGNKGT|26
01260001|V.V.E. DWKU NGU DCTQPPKGU|26
01260065|VGPPKU FG VCDNG RQWBKPQKU|26
01260073|VGPPKU FG VCDNG TCODGTVQKU|26
01260068|VV DCUUKP F'CPPQPCA|26
01260071|VV IQWDGVQKU|26
01260005|VV OCPVJGU|26
01260026|Vgppku fg Vcdng VTKECUVKP|26
01260006|W.O.U.V.V. OQPVGNKOCT|26
01260054|xcngpeg-dqwti vgppku fg vcdng|26
09270030|C U DTGVGWKN|27
09270136|C.E.Q.U.VKNNKGTGU/CXTG|27
09270127|C.U. KPVGTEQO. IWCKPXKNNG|27
09270097|CLNUE ECPVQP FCOXKNNG|27
09270175|CNKBCA /TQUCA VV|27
09270045|COKE URQTVKXG TQWVQVQKUG|27
09270089|COKECNG RQPI RCEA OGPKNNGU|27
09270095|CU DQUE TQIGT GP TQWOQKU|27
09270150|CU JCAG OCNJGTDG VV|27
09270187|CU JQPIWGOCTG-NG NCPFKP|27
09270071|CU XCWFTGWKN VGPPKU VCDNG|27
09270047|CUUQ QOPKUR VJWKV UKIPQN|27
09270188|Cuuqe. fgu Nqkuktu fg Iwkugpkgtu|27
09270087|DGWBGXKNNG CVJNGVKE ENWD|27
09270180|DQKUUGA RKPI|27
09270156|E. U. DGCWOQPV VV|27
09270005|ECRC VV|27
09270185|EFH HQWTIGU|27
09270060|ETQVJ - GBA-ICTGPPGU VV|27
09270015|EU CPFGNAU|27
09270159|EU DQPPGXKNNQKU|27
09270166|EVV CXKTQP|27
09270069|GPVGPVG IKUQTUKGPPG V.V|27
09270006|GXTGWZ GVWFKCPVU EGTENG|27
09270164|HLGR FQWXKNNG UWT CPFGNNG|27
09270152|ICKNNQP CWDGXQAG VV|27
09270126|ITQUUQGWXTG URQTVU|27
09270181|IWKEJCKPXKNNG VV|27
09270013|Lgcppg F'CTE GXTGWZ|27
09270102|NC UVGRJCPQKUG VV|27
09270183|NGU RQPIKUVGU OGUPKNQKU|27
09270077|OQPVTGWKN N'CTIKNNG VGPPKU FG VC|27
09270151|PGWDQWTI SWKVVGDGWH VV|27
09270104|RKPI RQPI ENWD JQPFQWXKNNG|27
09270169|TCU TQOKNNA CU|27
09270138|TQWIGOQPVKGT URQTVU NQKUKTU|27
09270021|UCKPV OCTEGN VV  UOVV|27
09270161|UCKPV OCTFU RKPI-RQPI|27
09270028|URQTVKPI ENWD DGTPCA VV|27
09270110|UV RJKNDGTV CVJNGVKE ENWD|27
09270176|UV RKGTTG NC ICTGPPG|27
09270140|UV UGDCUVKGP UUVV|27
09270041|UVCFG RQTVG PQTOCPFG XGTPQP|27
09270008|UVCFG XGTPQNKGP V V|27
09270153|V.V. HTGUPG ECWXGTXKNNG|27
09270177|VJKDGTXKNNG VV|27
09270004|VV DTKQPPG|27
09270063|VV FG N CTEJG|27
09270112|W U GVTGRCIPA V V|27
09270148|W.U HKFGNCKTG VGPPKU FG VCDNG|27
09270139|WU ITCXKIPA VV|27
09270162|XCN FG TGWKN EUVV|27
09270137|Xcnngg f'Cxtg Vgppku fg Vcdng|27
04280038|C U  VJAOGTCKU EJCVGCWPGWH|28
04280048|C.U.L.PQIGPV NG TQVTQW|28
04280722|CIINQ FTGWZ XGTPQWKNNGV VV|28
04280045|COKECNG GRGTPQP|28
04280104|CUVV DCKNNGCW NG RKP|28
04280719|CUVV DTGBQNNGU|28
04280681|DCTLQWXKNNG UEN.|28
04280004|E'EJCTVTGU VGPPKU FG VCDNG|28
04280005|EJ EJCVGCWFWP|28
04280724|EJCORJQN CU VGPPKU FG VCDNG|28
04280529|G.U.OCKPVGPQP-RKGTTGU V.V.|28
04280716|GU Pqigpv ng tqk-Xknngogwz VV|28
04280593|GU.LQWA UV-RTGUV VV.|28
04280517|HTCPEQWTXKNNG NF.|28
04280718|HTGUPCA N'GXGSWG VGPPKU FG VCDNG|28
04280404|ICKU OQKU. XQXGU|28
04280705|IWG FG NQPITQK VGPPKU FG VCDNG|28
04280121|NWKUCPV CE Vgppku fg Vcdng|28
04280322|RCAU EQWTXKNNQKU VV|28
04280617|RQPIKUVGU FG EQODTCA|28
04280359|UVCFG NQWRGGP|28
04280612|VV.ENQAUKGP|28
04280049|VVRU UGPQPEJGU|28
04280202|WU AGXTGU|28
03290232|CN EQPECTPGCW|29
03290018|CN IWKNGTU|29
03290214|CN MGTPGXGN|29
03290200|CN RNQPGQWT-NCPXGTP|29
03290282|CN RNWIWHHCP|29
03290037|CUE IWKENCP VV|29
03290001|CURVV DTGUV|29
03290280|Cuuq VV UCPVGE-TQUEQHH|29
03290227|DCPPCNGE VV|29
03290284|DQFKNKU RNQWICT VV|29
03290292|ECTCPVGE Vgppku fg Vcdng|29
03290029|EVV RNQWKIPGCW|29
03290014|EVV VCWNGUKGP|29
03290255|FQWCTPGPGB VV|29
03290281|GFGTP VGPPKU FG VCDNG|29
03290212|GR FW ECR-UKBWP|29
03290010|GUM UV-RQN FG NGQP|29
03290087|IFT IWKRCXCU|29
03290024|IUA DQWTI-DNCPE|29
03290235|KNG VWFA EQODTKV VV|29
03290286|MRR RNQWPGXGB-NQEJTKUV|29
03290005|NCPFGTPGCW VV|29
03290274|NG VTGXQWZ CFNVV|29
03290090|NGIKQP UV RKGTTG DTGUV|29
03290273|NGU RQPIKUVGU DKIQWFGPU|29
03290263|NGU RQPIKUVGU FG N'CWNPG|29
03290207|NGU RQPIKUVGU FW RQJGT|29
03290224|OQGNCP VGPPKU FG VCDNG|29
03290003|OQTNCKZ UV-OCTVKP VV|29
03290268|PGXGB RKPI|29
03290027|RE RNCDGPPGE|29
03290288|RN UCPSWGT DTGUV|29
03290291|RNQIQPPGE URQTV VGPPKU FG VCDNG|29
03290221|RNQOGWT VV|29
03290277|RNQWFCNOGBGCW VGPPKU FG VCDNG|29
03290275|RNQWGUECV Vgppku fg Vcdng Enwd|29
03290290|RQPXGN VGPPKU FG VCDNG|29
03290031|RRE ENGFGTQKU|29
03290081|RRE MGTJWQPPCKU|29
03290237|RRE RNQBGXGV|29
03290276|RTGUSW'KNG fg ETQBQP VV|29
03290223|SWKORGT EQTPQWCKNNG VV|29
03290249|TCS GUSWKDKGPPQKUG|29
03290262|TCSWGVVG FW RQTBCA|29
03290217|TCSWGVVG RNQO-VTGO-RNWI|29
03290244|TE DTKGE FG N QFGV|29
03290229|TR HQWGUPCPV|29
03290052|UCKPV-FKXA URQTV VV|29
03290009|UCKPV-TGPCP VV|29
03290202|UECGT/EQTCA VV|29
03290047|VGPPKU FG VCDNG FG NQRGTJGV|29
03290208|VQWTE'J-GNNKCPV VV|29
03290026|VV FG UCKPVG-UGXG|29
03290278|VV FGU CDGTU|29
03290006|VV IQWGUPQW|29
03290264|VV LC EJCVGCWNKP|29
03290215|VV MGORGTNG|29
03290044|VV NCPFKXKUKCW|29
03290036|VV NG HQNIQGV-NGUPGXGP|29
03290023|VV NQE OCTKC-RNQWBCPG|29
03290266|VV RNQDCPPCNGE-NGUEQPKN|29
03290039|VV RNQWIQWNO|29
03290205|VV RQPV FG DWKU|29
03290222|VVCN JWGNIQCV-RNQWAG|29
03290285|VVE DTGUV TGEQWXTCPEG|29
03290228|VVE RGPOCTE'J|29
03290019|VVG NCORCWN/NQEOGNCT|29
03290226|WLT NCPIQNGP|29
03290256|WPKQP URQTVKXG SWGOGPGXGPQKUG|29
11300040|CNGU EGXGPPGU VGPPKU FG VCDNG|30
11300057|CU ICNNCTIWQKUG VGPPKU FG VCDNG|30
11300022|DCF RKPI NG ITCW FW TQK|30
11300012|DCIPQNU OCTEQWNG UCDTCP VV|30
11300015|DGUUGIGU/ICIPKGTGU ERO|30
11300059|DQKUUGV RKPI|30
11300039|ECOCTIWG VV|30
11300021|EQ DGNNGICTFG VV|30
11300008|EQPIGPKGU RRE|30
11300025|EVV ECNXKUUQP|30
11300006|ICTQPU VGPPKU FG VCDNG|30
11300032|IGPGTCE V.V.|30
11300017|NGFKIPCP CNCUE|30
11300041|OCPFWGN CUVV|30
11300007|PKOGU CURE|30
11300016|PKOGU CURVV VGPPKU FG VCDNG|30
11300005|PKOGU UV EGUCKTG CO|30
11300019|SWKUUCE V.V.|30
11300023|UCNKPFTGU CU|30
11300014|UV EJTKUVQN NGB CNGU CU|30
11300050|VGPPKU ENWD ETWXKGTU-NCUEQWTU|30
11300055|VGPPKU FG VCDNG CTCOQP|30
11300003|Vgppku fg Vcdng gp Rcau Xkicpcku|30
11300010|WEJCWF CUVV|30
11300028|XCWXGTV QRR|30
11300004|XKNNGPGWXG NGU CXKIPQP CU|30
11310070|C.U.E. OQPVCWFTCP|31
11310006|CURVV VQWNQWUG V.V.|31
11310019|E.N.N.N.EQNQOKGTU|31
11310115|ECUVGNIKPGUV VV|31
11310099|EQVGCWZ DGNNGXWG VV|31
11310121|LU EWIPCWZ/XKNNGPGWXG VQNQUCPG|31
11310033|N CXGPKT OWTGVCKP V V|31
11310075|RKPU-LWUVCTGV XKNNCVG VV|31
11310133|RKTCVGU NCWTCICKU|31
11310076|RQKPVKU TKXKGTG UVV|31
11310129|SWKPV HQPUGITKXGU VGPPKU FG VCDN|31
11310123|TKGWOGU OCWBCE UNVV|31
11310005|UCKPV NAU QNAORKSWG|31
11310132|UCKPV UWNRKEG VGPPKU FG VCDNG|31
11310064|UCKPV-QTGPU VV|31
11310131|VGPPKU FG VCDNG RKDTCECKU|31
11310011|VQCE Vgppku fg Vcdng|31
11310008|VQWNQWUG CE VGPPKU FG VCDNG|31
11310077|VQWNQWUG RCVVG F'QKG V.V.|31
11310047|VV DNCIPCECKU|31
11310130|VV FG NC JAUG|31
11310126|VV HTQPVQP|31
11310098|VV HTQWBKPQKU|31
11310060|VV RNCKUCPEQKU|31
11310124|VV TGXGN-NCWTCICKU|31
11310117|VV UV LQTA|31
11310029|WU TCOQPXKNNG VV|31
11320041|C.U.V.V. N'KUNQKU|32
11320005|ER CWUEKVCKP|32
11320040|ER FW DCU CTOCIPCE|32
11320039|ER HNGWTCPVKP|32
11320033|Egteng Rqpikuvg Ngevqwtqku|32
11320032|RTGKIPCP CWDKGV ECUVGNPCW VV|32
11320045|TCSWGVVG UGKUUCPPCKUG|32
11320027|WU RNCKUCPVKPG VV|32
11320046|XKE GCWBG ICUEQIPG CTOCIPCE VV|32
10330084|C U XKNNGPCXG V V|33
10330034|C. R. DCTRCKUG|33
10330069|CL VCKNNCP|33
10330050|CN  GAUKPGU|33
10330046|CU CODCTGU|33
10330004|CU NKDQWTPG|33
10330093|CU VCDCPCE|33
10330125|CUE 33 VV|33
10330099|CUK KNNCECKUG|33
10330071|CUV NC VGUVG VGPPKU FG VCDNG|33
10330121|CUVV NCNCPFG FG HTQPUCE|33
10330024|CUVV OCECW|33
10330035|DQTFGCWZ EGPVTG NHVV|33
10330010|DZ EQSU TQWIGU|33
10330036|E C UVG JGNGPG|33
10330003|EC DGINCKU|33
10330077|EC ECTDQP DNCPE|33
10330067|ECO DQTFGCWZ|33
10330005|ENWD VV CWFGPIGQKU|33
10330019|EQSU RGWLCTFCKU|33
10330025|G.U. DTWIGU VV J.X.|33
10330038|GPVGPVG RQPIKUVG UNR|33
10330037|ITCFKIPCP VGPPKU FG VCDNG|33
10330076|L NCPIQP|33
10330086|L AXTCE|33
10330117|NG JCKNNCP UV OGFCTF VV|33
10330040|R.R. PQTF IKTQPFG|33
10330052|RQFGPUCE CUE|33
10330078|RQPIKUVGU CTVKIWCKU|33
10330043|TCSWGVVG IWLCPCKUG|33
10330013|UC OGTKIPCE|33
10330002|UCI EGUVCU|33
10330022|UCKPV NQWD RKPI|33
10330032|UCO VV NGURCTTG|33
10330017|VV CPFGTPQU-CTGU|33
10330082|VV DKICPQU|33
10330018|VV DTCWF|33
10330129|VV ECUVGNPCWFCKU|33
10330130|VV FW UCWXGVGTTQKU|33
10330009|VV HCTIWCKU|33
10330128|VV UV OCKZCPV XGTFGNCKU|33
10330031|W U OKQUUCKUG RKPI RQPI|33
10330028|WPKQP CVJ. ECFKNNCECKUG|33
10330020|WPKQP UV LGCP|33
10330123|WU DCBCU VV|33
10330045|WU DQWUECVCKUG Vgppku fg Vcdng|33
10330080|WU DTCPPG Rkpi Rqpi|33
10330030|WU EGPQP|33
10330011|WU VCNGPEG|33
11340067|CIFG VGPPKU FG VCDNG|34
11340082|CNNKCPEG PKOGU-OQPVRGNNKGT VV|34
11340001|COVV OGBG|34
11340075|CPKCPG VGPPKU FG VCDNG|34
11340065|CURVV UGVG VGPPKU FG VCDNG|34
11340069|DCNNCVCM|34
11340060|DGBKGTU VGPPKU FG VCDNG|34
11340079|ECUVGNPCW NG NGB VGPPKU FG VCDNG|34
11340053|ECWZ VGPPKU FG VCDNG|34
11340049|ENGTOQPV N JGTCWNV VV|34
11340047|EQWTPQPVGTTCN  VV|34
11340013|EUEO VGPPKU FG VCDNG|34
11340073|HQAGT TWTCN F'CDGKNJCP|34
11340076|HQAGT TWTCN FG XCKNJCWSWGU|34
11340014|IKIGCP CUO|34
11340040|NCXGTWPG HTVV|34
11340033|NG ECANCT RRE|34
11340008|NG ETGU UCNCKUQP  V.V.|34
11340035|NGURKIPCP RRE|34
11340059|NWPGN VGPPKU FG VCDNG|34
11340066|OCTUGKNNCP VV|34
11340022|OCWIWKQ OLE|34
11340017|OQPVCFA  ECRGUVCPI VV|34
11340010|OQPVRGNNKGT VV|34
11340007|RGTQNU RRE|34
11340072|RQOGTQNU HTVV 34|34
11340012|RTCFGU UV IGNA VV|34
11340003|UV HGNKZ FG NQFGB HT VV|34
11340077|VGPPKU FG VCDNG ENCTGVCKP|34
11340078|VV DQWUSWGV F'QTD HT|34
11340071|VV34 UCWXKCP|34
11340042|XGPFCTIWGU V.V.|34
03350142|C.U.V.V.QTIGTGU|35
03350215|CU VV DTGCN|35
03350021|CWTQTG FG XKVTG VV|35
03350091|DCKP FG DTGVCIPG W.U.|35
03350161|DGVVQPPCKU E.U.|35
03350023|DTGVGKNNCKUG V.V. CUU.|35
03350030|DTWB COKECNG NCKSWG|35
03350016|EGUUQP Q.E.|35
03350127|EJCPVGRKG C.U.|35
03350160|EJCRGNNG FGU HVB CEUN|35
03350041|EJCTVTGU GURGTCPEG|35
03350095|EJCVGCWIKTQP V.V.|35
03350009|ELH / UCKPV-OCNQ W.R.|35
03350031|ENCAGU VGPPKU FG VCDNG|35
03350233|EQTRQ 35 VV|35
03350119|EU DCKNNG|35
03350235|FKPIG VGPPKU FG VCDNG|35
03350010|GPVGPVG URQTVKXG GTDTGGPPG VV|35
03350221|HTGOWT RQPIKUVG|35
03350087|IGXGBG C.U.|35
03350044|IQXGPCKU V.V.|35
03350025|ITCPKV DNGW V.V.|35
03350026|IWKIPGP  WUI VV|35
03350169|IWKRTA-OGUUCE W.U|35
03350122|JCWVG XKNCKPG VV|35
03350130|KHHGPFKE G.U.|35
03350027|KNNG GV TCPEG VV|35
03350092|LCESWQNCPFKP Vgppku fg Vcdng|35
03350199|LCPBGGPU XQNQPVCKTGU|35
03350090|NC OGNQTKGPPG|35
03350003|NC OGBKGTG C.U. V.V.|35
03350227|NC TKEJCTFCKU RKPI|35
03350102|NCKNNG VV WU|35
03350029|NCPIQP GURGTCPEG URQTVKXG|35
03350217|NGU LGWPGU F'CTIGPVTG VV|35
03350225|NGU R'VKVGU TCSWGVVGU FG NQWXKIP|35
03350125|NKGWTQP CXGPKT|35
03350067|NKHHTG W.U.|35
03350137|NQWXKIPG E.U.|35
03350050|OGFTGCE-SWGFKNNCE W.R.|35
03350048|OGNGUUG RKPI|35
03350047|OQPVCWDCP FG DTGVCIPG Q.E.|35
03350136|OQPVHQTV V.V.|35
03350183|OQTFGNNGU L.C.|35
03350042|PQPCKUKGPPG WU V.V.|35
03350222|QNAORKE OQPVTGWKN NCPFCXTCP|35
03350065|RCEG/UV ITGIQKTG V.V. GPV.|35
03350207|TCSWGVVG DTGEGGPPG|35
03350066|TCSWGVVG F QT C.V.V.|35
03350049|TGPPGU CXGPKT|35
03350011|TGPPGU EGTENG RCWN DGTV|35
03350014|TGPPGU VQWT F CWXGTIPG|35
03350074|TQB-DCIWGT W.R.|35
03350223|UCKPV LQWCP VGPPKU FG VCDNG|35
03350054|UCKPV OGFCTF V.V.|35
03350226|UCKPV-FKFKGT EJCVGCWDQWTI VV|35
03350212|URQTVKPI ENWD NG TJGW|35
03350132|UV CWDKP FW EQTOKGT CUUC VV|35
03350148|UV IKNNGU W.U.|35
03350210|V.V. DQWTI FGU EQORVGU|35
03350045|VCKNNKU UV EJTKUVQRJG DQKU GU|35
03350113|VCNGPUCE RQPIKUVG ENWD|35
03350156|VGPPKU FG VCDNG IWGTEJCKU|35
03350055|VGPPKU FG VCDNG TGFQP|35
03350060|VJQTKIPG-HQWKNNCTF V.V.|35
03350203|VV DCWNQP UV VJWTKCN|35
03350224|VV FW RCAU FG ITCPF HQWIGTCA|35
03350209|VV HQWIGTGU-LCXGPG-NGEQWUUG|35
03350063|VV OQPVIGTOQPV|35
03350022|W.U. XGTP|35
03350232|WU EJCPVGNQWR VGPPKU FG VCDNG|35
03350150|WU VTGODNCA|35
04360340|C U R Q EJCVGCWTQWZ|36
04360341|C.V.V. EJCDTKU|36
04360481|C.V.V. NWCPV|36
04360725|CKIWTCPFG VV|36
04360732|CTVJQP VGPPKU FG VCDNG|36
04360727|CUU.VV CODTCWNV|36
04360721|CUVV RTWPKGTU|36
04360454|DGTTKEJQPPG-EJCVGCWTQWZ|36
04360605|E.2V OCTVKBCA|36
04360453|ENWD RQPIKUVG XCVCPCKU|36
04360343|ENWD RQPIKUVGU DWBCPEGGPU|36
04360723|ENWD.RQPIKUVG. UCKPV EARTKGP|36
04360724|EQTRQ36 VGPPKU FG VCDNG|36
04360005|ER. NGXTQWZ|36
04360730|EVV EGCWNOQPV-NGU ITCPIGU|36
04360726|EVV TGWKNNQKU|36
04360002|EVV.FGQNU|36
04360653|NC EJCVKNNQPPCKUG VGPPKU FGVCDNG|36
04360009|RKPI RQPI ENWD KUUQNFWPQKU|36
04360729|VJGQ RKPI XKNNGFKGW VV|36
04360124|VV.DTGPPG NG DNCPE|36
04360728|WU Ng Rqkpgqppgv Vgppku fg Vcdng|36
04360707|WU UCKPV OCWT|36
04360315|WU VGPPKU FG VCDNG NC EJCVTG|36
04360123|WU.CTIGPVQP|36
04370002|4U VQWTU V.V.|37
04370102|C.E. CODQKUG VGPPKU FG VCDNG|37
04370690|C.R. UV UGPQEJ|37
04370146|C.U OQPVNQWKU-UWT-NQKTG|37
04370183|C.U. HQPFGVVGU|37
04370681|C.U. NWAPGU V.V.|37
04370289|C.U. UCXQPPKGTGU|37
04370478|C.U. XGTGVB VV|37
04370011|C.U.V.V. GUXTGU|37
04370425|C.U.V.V. fg ECUVGNXCNGTKG|37
04370442|C.V.V. CBCA-UWT-EJGT|37
04370596|C.V.V. NCPIGCKU-EKPS-OCTU|37
04370691|C.V.V.UV CPVQKPG FW TQEJGT|37
04370583|CUUQEKCVKQP RQPIKUVG CDKNNA|37
04370724|CUVV EJGOKNNG UWT FGOG|37
04370729|CUVV FG UQTKIPA|37
04370731|CUVV FW PCKU|37
04370533|Cbca-Ng-Tkfgcw GUTVV|37
04370004|E.G.U. VQWTU|37
04370669|E.R. XGKIPG|37
04370151|E.U.OGODTQNNCKU Vgppku fg Vcdng|37
04370439|G.U. NC XKNNG-CWZ-FCOGU VV|37
04370637|G.U. QGUKGPPG|37
04370396|GU CODKNNQW|37
04370733|GU Dqwtiwgkn Vgppku fg Vcdng|37
04370498|NCTECA VGPPKU FG VCDNG|37
04370015|R.R.E. UV OCTVKP NG DGCW|37
04370548|RN DGCWLCTFKP TCURCKN RCWN DGTV|37
04370284|T.E. DCNNCP|37
04370001|T.U. UV EAT-UWT-NQKTG|37
04370307|UCKPVG-OCWTG VGPPKU FG VCDNG|37
04370625|UV OKEJGN V.V.|37
04370269|UV-CXGTVKP URQTVU VV|37
04370013|V.V. DNGTG XCN FG EJGT|37
04370566|V.V. LQWG-NGU-VQWTU|37
04370349|V.V. OQPVU CTVCPPGU|37
04370656|V.V. UCKPV IGPQWRJ|37
04370709|V.V. UGODNCPEGGP|37
04370465|VGPPKU FG VCDNG DGPCKUKGP|37
04370615|VGPPKU FG VCDNG DQWEJCTFCKU|37
04370132|VGPPKU FG VCDNG EJKPQPCKU|37
04370464|VV RCTECA-OGUNCA|37
04370730|VV UVG ECVJGTKPG FG HKGTDQKU|37
04370698|VVE fw NQEJQKU|37
04370694|Vgppku fg Vcdng Eqtogta-Vtwagu|37
04370033|W.U. EJCODTCA-NGU-VQWTU|37
04370549|W.U. IGPKNNG V.V.|37
04370024|W.U. TGPCWFKPG V.V.|37
04370346|W.U. XGTPQW UWT DTGPPG|37
04370038|W.U.G. CXQKPG-DGCWOQPV|37
04370167|WU NC TKEJG VGPPKU FG VCDNG|37
01380108|C N UV OCTVKP NG XKPQWZ|38
01380284|CN GEJKTQNNGU-GADGPU VV|38
01380057|CU ETQUUGA Vgppku fg Vcdng|38
01380076|CU HQPVCKPG|38
01380233|E.U.E. EJCTXKGW EJCXCIPGWZ|38
01380236|EGPVT KUGTG VV|38
01380307|EJCTVTGWUG VGPPKU FG VCDNG|38
01380262|EJKOKNKP CDTGVU RQPV VV ECRVV|38
01380293|ENWD RQPIKUVG EJCRGNCPF|38
01380241|EVV EJCOR UWT FTCE|38
01380305|Enwd Urqtvkh XWNRKNNKGP V.V.|38
01380298|ITCPF NGORU QAGW DWTEKP VV|38
01380290|ITGUKXCWFCP  DGNNGFQPPG VV|38
01380308|LC JGATKGWZ VGPPKU FG VCDNG|38
01380292|LEQT LCPPGATKCU Vgppku fg Vcdng|38
01380287|NC XCKNNCPVG VWNNKPU HWTGU|38
01380225|OQTGUVGN VGPPKU FG VCDNG|38
01380296|QNAORKSWG UCKPV-SWGPVKPQKU|38
01380256|RQPIKUVGU NKNQVU|38
01380045|TJQFKC ENWD|38
01380304|UCKPV DNCKUG VGPPKU FG VCDNG|38
01380189|UV TQOCKP FG LCNKQPCU|38
01380173|V V RQPVEJCTTC|38
01380005|V.V. DQWTIQKP LCNNKGW|38
01380068|V.V. KBGTQP|38
01380130|V.V. UGAUUKPQKU|38
01380181|VGEJG VGPPKU FG VCDNG|38
01380246|VKIPKGW VGPPKU FG VCDNG|38
01380199|VV FW ITGUKXCWFCP NG VQWXGV|38
01380056|VV NC VTQPEJG OGANCP ITGPQDNG|38
01380309|VV OCKUQP RQWT VQWU UWUXKNNG|38
01380310|VV OQPGUVKGT VTKGXGU|38
01380157|VV UV LGCP FG OQKTCPU|38
01380136|VV UV LGCPPCKU|38
01380117|VV WTKCIG|38
01380303|Vgppku fg Vcdng XKNNGHQPVCKPG|38
01380098|W.U.V.V. UCUUGPCIG|38
01380302|WU OGATKGW VV|38
01380028|WU UV GITGXG V.V.|38
01380267|XCTEGU XKH Vgppku fg vcdng|38
01380275|XCWNZ-OKNKGW VV|38
01380164|XGTPKQB|38
02390002|CN NQPU NG UCWPKGT|39
02390027|CU GPV UR GV NQKUKTU IGXTA|39
02390003|CU OQWEJCTF VGPPKU FG VCDNG|39
02390001|CUE NQPIEJCWOQKU|39
02390046|CUPCPU DGCWXQKUKP VV|39
02390091|CURVV FQNG HQWEJGTCPU|39
02390095|EEUXC VGPPKU FG VCDNG|39
02390082|GPVGPVG CPFGNQV UKTQF|39
02390100|GPXGTIWTGU|39
02390007|GURGTCPEG NGFQPKGPPG|39
02390010|HQAGT TWTCN FG FCORKGTTG|39
02390080|HQAGT TWTCN FG XGTEKC EQWUCPEG|39
02390089|LWTC OQTGB VGPPKU FG VCDNG|39
02390022|OLE FQNG|39
02390094|VGPPKU FG VCDNG EQPNKGIG|39
02390013|VGPPKU FG VCDNG FG EGPUGCW|39
02390098|WPKQP URQTVKXG DNGVVGTCPQKUG VV|39
02390067|XCFCPU|39
10400026|CU IGCWPG VV|40
10400013|CU JQUUGIQT V.V|40
10400004|DKUECTTQUUG QNAORKSWG VV|40
10400016|ECO VV OQTEGPZ|40
10400008|ENWD UCPIWKPGVQKU VV|40
10400031|ENWD URQTVKH DQWECNCKU|40
10400003|ENWD VFV HTGEJQKU|40
10400009|H.T. FG JKPZ|40
10400018|HQAGT TWTCN FG ICOCTFG|40
10400030|JCIGVOCW VGPPKU FG VCDNG|40
10400002|L F CTE FG FCZ|40
10400025|RKPI RQPI OGBQUUCKU|40
10400027|UC UV UGXGT VV|40
10400001|UVCFG OQPVQKU|40
10400021|VGPPKU VCDNG OKOKBCPPCKU|40
10400015|VV DQWIWG - NCINQTKGWUG|40
10400024|WU RQOCTGB VV|40
10400010|XKQNGVVG CVWTKPG|40
04410636|COKECNG EJ.DNQKU|41
04410080|COQ.OGT VV.|41
04410467|CR.NC EJCRGNNG XGPFQOQKUG|41
04410735|CU DQWTUCA Vgppku fg Vcdng|41
04410507|CU TQVQ URQTVU|41
04410697|CU.EJCKNNGU VV.|41
04410537|CUL NC EJCWUUGG-UV-XKEVQT|41
04410696|CBG VGPPKU FG VCDNG|41
04410466|DNQKU RKPI 41|41
04410586|E.V.V.QWEJCORU|41
04410217|ECUN UV NCWTGPV PQWCP|41
04410386|EL.OQPV RTGU EJCODQTF|41
04410728|EQTRQ VV 41|41
04410390|ETGFKV CITKEQNG|41
04410594|GEJQ URQTVKH OWNUCPU|41
04410015|GUE.EQWT EJGXGTPA VV|41
04410065|HN UV CKIPCP|41
04410726|N'CKING UGNNQKU VV|41
04410083|NGU RQPIKUVGU FW XGPFQOQKU|41
04410730|OQPVQKTG RKPI|41
04410729|RKPI UCUUCA NQKUKTU|41
04410546|RR.UV-IGQTIGU/EJGT|41
04410016|U.E. OQTGG VV|41
04410279|UCKPV UWNRKEG VGPPKU FG VCDNG|41
04410017|UCNDTKU UQNQIPG VV.|41
04410724|VV FGU EQNNKPGU FW RGTEJG|41
04410543|WU. EJQWBA Vgppku fg Vcdng|41
04410615|XKNNGHTCPEJG UWT EJGT VV|41
04410718|XKNNGTDQP VV|41
04410612|XKPGWKN URQTVU / UWGXTGU VV|41
01420055|CGE UQTDKGTU|42
01420014|CGE WPKGWZ|42
01420112|CN DQGP|42
01420140|CN HTCKUUGU VV|42
01420110|CN VV EJCTNKGW|42
01420123|CU NC XCNNC GP IKGT|42
01420148|CU RQWKNNA NGU PQPCKPU VV|42
01420166|CU XKNNGTGUV VGPPKU FG VCDNG|42
01420237|EVV NG RWA - EJCFTCE|42
01420151|GPV HGWTU EKXGPU VV|42
01420017|GVQKNG FG OQPVCWF UV GVKGPPG|42
01420165|Gpvgpvg CUU-CUE-VV EJCBGNNGU|42
01420124|HLGR OGVCTG|42
01420006|Icb Gnge Qopkurqtvu Uv GVKGPPG|42
01420088|LC IGPKNCE|42
01420012|LC XKQNCA|42
01420108|N JQTOG VV|42
01420078|NC HGWKNNCPVKPG|42
01420152|NQKTG PQTF VV|42
01420138|NRDD Uv Icnokgt|42
01420018|OLE TKXG FG IKGT|42
01420312|QEU UV UCWXGWT GP TWG|42
01420155|RKPI RQPI ENWD IGTOCPQKU|42
01420167|TGVQWTPCE VV|42
01420013|TGXGKN EJCODQPPCKTG|42
01420156|TQCPPG OCDNA VGPPKU FG VCDNG|42
01420149|UCKPV EJCOQPF VV|42
01420153|UCKPV EJTKUVQ/UV TQOCKP VV|42
01420154|UV JGCPF VV|42
01420305|V.V JCWV-NKIPQP|42
01420240|V.V.Xgtiqpijgqp|42
01420070|VEV OQPVDTKUQP|42
01420163|VGPPKU FG VCDNG XGCWEJG|42
01420210|VGPPKU FG VCDNG AUUKPIGNCKU|42
01420162|VV Cpftgbkgwz dqwvjgqp uckpv ear|42
01420141|VV DTKGPPQP|42
01420299|VV DTKXCFQKU|42
01420144|VV EJCWHHCKNNGU NGU UCNGXG|42
01420009|VV ETCRQPPG/CTBQP|42
01420106|VV ITCPF ETQKZ|42
01420003|VV NN FWPKGTGU|42
01420309|VV OCNTGXGTU DNCXQBA|42
01420048|VV OQPVTQPF NGU DCKPU|42
01420128|VV RGNWUUKP|42
01420160|VV RQPVTCODGTVQKU|42
01420291|VV UV LWUV OCNOQPV|42
01420080|VV UV RTKGUV GP LCTGB|42
01420117|VV XKNNCTU|42
01420311|Vgppku fg Vcdng fw Eqvgcw|42
01420307|WR Oqpkuvtqn Uvg-ukiqngpg|42
12440101|CKITGHGWKNNCKU E.R.|44
12440080|CNECVGN CVNCPVKSWG|44
12440026|CPEGPKU UV IGTGQP VV|44
12440039|CUCIVV JCKG HQWCUUKGTG (NC)|44
12440088|CUDT|44
12440092|CUEGG|44
12440012|CUIGP EQTRQ VV|44
12440227|CUVV UV RGTG GP TGVB|44
12440105|CVUECH NQKTG CVNCPVKSWG|44
12440279|DGTPGTKG (NC)|44
12440054|DGUPG VGPPKU FG VCDNG|44
12440081|DQWCAG C.N.|44
12440154|DQWGG Vgppku fg Vcdng|44
12440025|DQWUUCA V.V.E.|44
12440015|DTKGTG V.V.|44
12440160|DTKXGV V.V.|44
12440048|ECTSWGHQW VGPPKU FG VCDNG|44
12440028|EGTENG RQPIKUVG FG RCKODQGWH|44
12440033|EJCRGNCKPG (NC)|44
12440030|EJCVGCWDTKCPV VGPPKU VCDNG|44
12440073|EJCWOGU GP TGVB VV|44
12440262|EJGXTQNKGTG FW NCE VV|44
12440070|ENWD RQPIKUVG EJCVGCW-VJGDCWF|44
12440035|EQOOGTECPVU (NGU)|44
12440140|EQTEQWGGPPG|44
12440193|EQVG F COQWT V.V.|44
12440236|EQVGNQKUG VV OCWOWUUQP|44
12440034|EQWGTQP V.V.|44
12440016|EQWGVU (NGU)|44
12440221|ETGFKV OWVWGN CUEO VV|44
12440083|GFWECVKQP PCVKQPCNG|44
12440218|GPVGPVG RQPIKUVG UWF NQKTG|44
12440191|ICXTG (NG) V.V.|44
12440238|IQWNCKPG QOPKURQTVU|44
12440158|ITCPFEJCOR V.V.|44
12440031|JGTKE V.V.|44
12440097|KPFTG C.V.V.|44
12440009|LQXGGPPG NCPIWGWTQKUG G.U.|44
12440285|NG ETQKUKE GURCFQP VGPPKU VCDNG|44
12440185|NGIG C.U.V.V.|44
12440076|NKIPG C.U.V.V.|44
12440104|NQTQWZ DQVVGTGCW (NG) EGRQNQ|44
12440066|OCEJGEQWN IFTVV|44
12440277|OCTUCECKU VGPPKU FG VCDNG|44
12440166|OCWXGU VV|44
12440210|OGFKFGPV|44
12440144|OGUCPIGT CVV|44
12440174|OKETQEJKR|44
12440014|OKUUKNNCE VVE|44
12440094|OQPVCIPG (NC) C.U.E.|44
12440197|OQPVQKT UV OCNQ VV|44
12440142|OQWBKNNQP G.V.V.|44
12440093|PCPVGU CU EJW|44
12440001|PCPVGU CUEDI|44
12440011|PCPVGU CURVV|44
12440147|PCPVGU NG DCWV VV|44
12440004|PCPVGU OGNNKPGV (NC)|44
12440270|PCPVGU OWPKEKRCWZ|44
12440017|PCPVGU TCEE|44
12440116|PCPVGU UV LQUGRJ VGPPKU FG VCDNG|44
12440058|PCPVGU UV OGFCTF FQWNQP|44
12440281|PCPVGU VGPPKU FG VCDNG|44
12440148|PCPVGU VQWVGU CKFGU - CUVC|44
12440059|PQTV UWT GTFTG P.C.E.V.V.|44
12440141|QTXCWNV URQTV VGPPKU FG VCDNG|44
12440139|RCNNGV (NG) VV|44
12440055|RCBGPCKUG V.V.|44
12440074|RGNNGTKP (NG)|44
12440051|RGPJQGV W.O.|44
12440151|RGVKV OCTU V.V.|44
12440056|RQPV UV OCTVKP W.U.|44
12440064|RQWNKIWGP (NG)|44
12440195|RTGUSW KNG V.V.|44
12440019|TGBG CGRT|44
12440020|TGBG VGPPKU FG VCDNG|44
12440182|UCHHTG VTGHHKGWZ VV CU|44
12440275|UCWPKGT FWXCN|44
12440067|UCXGPCA CUR VV|44
12440111|UGTEGN|44
12440023|UQTKPKGTGU (NGU)|44
12440029|UV DTGXKP V.V.|44
12440075|UV EQNQODCP V.V.|44
12440274|UV GVKGPPG VGPPKU FG VCDNG|44
12440008|UV JGTDNCKP C.U.J.|44
12440024|UV JGTDNCKP V.V.|44
12440138|UV LWNKGP VGPPKU FG VCDNG|44
12440282|UV OCTU NC LCKNNG VGPPKU VCDNG|44
12440152|UV OCTU NG EGNNKGT|44
12440199|UV OKEJGN EJGH EJGH  VVOV|44
12440041|UV PCBCKTG CKTDWU|44
12440134|UV PCBCKTG EQUVC|44
12440049|UV PCBCKTG NGQP DNWO VV|44
12440266|UV PCBCKTG VGPPKU FG VCDNG|44
12440087|UV RJKNDGTV V.V.|44
12440021|UV UGDCUVKGP R.R.E.|44
12440129|UV-PCBCKTG EJGOKPQVU|44
12440084|UVG NWEG V.V.|44
12440176|UWEG UWT GTFTG|44
12440239|UWF XKNCKPG IQGNCPFU|44
12440099|VGKNNG E.R.|44
12440032|VGPPKU FG VCDNG  ENWD FG DNCKP|44
12440136|VJQWCTG VV|44
12440125|VTGKNNKGTGU C.N.|44
12440038|VTKIPCE VGPPKU FG VCDNG|44
12440260|VV ENKUUQPPCKU|44
12440127|XCTCFGU C.U.E.R.|44
12440259|XGTVQW CURX|44
12440042|XKGKNNGXKIPG C.R.|44
12440206|XKNNGPGWXG GP TGVB   VV|44
12440258|YKTSWKP VV|44
04450752|CU IOH|45
04450758|CUN EJWQ VV|45
04450768|CUVV EJCKPIA|45
04450155|DPR RCTKDCU QTN/UCTCP CUE|45
04450734|DTIO ENWD QOPKURQTVU|45
04450702|EGTENG LWNGU HGTTA VV|45
04450617|EJCKNNA NQTTKU XO VV|45
04450759|EJCVGCWPGWH VV|45
04450580|EN WZGNNQKU VV|45
04450616|ENGTA UV CPFTG CCU|45
04450753|ENWD OCIFWPQKU VV|45
04450754|ENWD RQPIKUVG FW ICVKPCKU|45
04450571|EORLO KPITG VV|45
04450763|EQTRQ 45 VV|45
04450589|ER RCVCA|45
04450748|ETCXCPV UN|45
04450762|FCFQPXKNNG VV|45
04450772|FCTXQA VGPPKU FG VCDNG|45
04450585|FGNRJCTO QTNGCPU|45
04450429|FQPPGTA VV|45
04450295|GPVGPVG DCWNQKUG VV|45
04450144|GVQKNG DCNIGPVKGPPG VV|45
04450760|HGTQNNGU XKGPPG VV|45
04450108|IKGP CU VV|45
04450031|KDO QTNGCPU|45
04450417|L3 Vgppku fg Vcdng COKNNA|45
04450267|LQJP FGGTG UCTCP QOUR.|45
04450712|N JKTQPFGNNG|45
04450309|NC UQWTEG CN|45
04450413|NCKNNA EC VV|45
04450561|OGPGUVTGCW-GP-XKNNGVVG|45
04450036|OQPVCTIKU ER|45
04450576|PGWXKNNG URQTVU VV|45
04450059|QTNGCPU WUQRQE|45
04450661|QTOGU GXGKN URQTVKH|45
04450186|QUUNQ|45
04450750|RCPPGU RRJ|45
04450751|RKPI UV LGCP 45|45
04450210|RWKUGCWZ CU|45
04450706|UCTCP WUO|45
04450184|UGOQA CUVV|45
04450774|URQTV GNGE FCORKGTTG|45
04450285|UV LGCP FG DTCAG - UOQE|45
04450026|UV OCTEGCW QTNGCPU VV|45
04450757|UWF NQKTG VV 45|45
04450118|VJGNGO CUUWTCPEGU|45
04450773|WPKVG URQTVKXG HGTVGUKGPPG|45
04450663|WU EJCRGNNQKUG VV|45
04450192|WU QTNGCPU VV|45
04450573|WU UCPFKNNQP VV|45
04450410|WUO QNKXGV VGPPKU FG VCDNG|45
04450737|XGPPGEA CU VV|45
11460032|COCU RCATCE VV|46
11460029|DGFWGT HCAEGNNGU RKPI|46
11460010|ECJQTU VGPPKU FG VCDNG|46
11460027|HKIGCE UCKPV-EGTG V.V|46
11460023|OLE IQWTFQP VV|46
11460028|Rkpi Ucnxkceqku -Vgppku fg vcdng|46
11460022|UQWKNNCE CVJNG 46 VV|46
11460031|VGPPKU FG VCDNG ECLCTE GURQKT|46
11460017|VV DTGVGPQWZ-DKCTU|46
11460024|VV ETGUUGPUCE/OCTVGN|46
11460012|VV RTCAUUCEQKU|46
11460021|Vgppku fg Vcdng fg Tgkipce|46
10470005|C N PGTCE|47
10470004|HWOGNQKUG VGPPKU FG VCDNG|47
10470003|NCITWGTG-NG OCU-ECNQPIGU|47
10470021|OQPHNCPSWKP VV|47
10470009|RRE XKNNGPGWXG|47
10470002|TCSWGVVG ENCKTCECKUG|47
10470007|TCSWGVVG OCTOCPFCKUG|47
10470001|U W CIGPCKU V V|47
10470026|VQPPGKPU RKPI|47
10470006|VV RCUUCIGQKU|47
11480028|ECPQWTIWG VGPPKU FG VCDNG|48
11480027|GXGKN OGPFQKU VGPPKU FG VCDNG.|48
11480037|HQAGT TWTCN FG NC OCNGPG|48
11480006|OCTXGLQNU VV|48
11480020|UV EJGNA Vgppku fg Vcdng|48
12490055|CNNQPPGU XKNNGDGTPKGT|49
12490067|CPFCTF DTCKP Gpvgpvg Ur.|49
12490134|CPFTGBG-DGCWRTGCW VV|49
12490034|CPIGTU OQPRNCKUKT|49
12490029|CPIGTU UV NGQPCTF|49
12490063|CXTKNNG Cuu. Urqtvkxg|49
12490044|DCWIG Qnaorkswg|49
12490129|DCWPG GUXD VV|49
12490115|DGCWEQWBG Urqtvkpi enwd|49
12490117|DGITQNNGU GP OCWIGU Tgikpc|49
12490107|DGNNGXKIPG NGU EJVZ VV|49
12490004|DQKUUKGTG-DQWBKNNG OCTKNNCKU VV|49
12490038|DQWEJGOCKPG VV CPLQW|49
12490018|ECPFG UQEVV|49
12490019|EJCEG-FKUVTG-XCTTCKPU RKPI|49
12490068|EJCNQPPGU Vgppku fg Vcdng|49
12490088|EJGOKNNG Qnaorkswg V.V.|49
12490132|EJQNGV Cnnkcpeg Vgppku fg Vcdng|49
12490026|EQTPG VVE|49
12490047|EQTRQ RKPI 49|49
12490021|FWTVCN Ngu Pkrqpiu|49
12490106|GEQWHNCPV CUVVG|49
12490052|GVTKEJG-EJCORKIPG VV Gpvgpvg|49
12490127|HGPGW Vgppku fg Vcdng|49
12490024|HKGH UCWXKP (NG) - ED|49
12490008|IGUVG Gurqkt|49
12490131|LCTBG GU VGPPKU FG VCDNG|49
12490073|NGU NQWRU F'CPIGTU VV|49
12490069|NQPIWG Cvjngvke Enwd|49
12490039|NQPIWGPGG CVVN|49
12490074|OCTVKIPG DTKCPF C.U.|49
12490124|OCA-LCNNCKU GPV. vgppku vcdng|49
12490092|OCBG CWVJKQP VGPPKU FG VCDNG|49
12490057|OQPVTGWKN LWKIPG Cu.Rqpiku|49
12490070|OQPVTGXCWNV UWT GXTG VV|49
12490080|OWTU GTKIPG CUKVV|49
12490128|PWGKN VGPPKU FG VCDNG|49
12490122|QTGG F'CPLQW VV|49
12490048|RNGUUKU ITCOOQKTG (NG)-CUE|49
12490006|RQOLGCPPCKU Vgppku fg Vcdng|49
12490076|RQPVU FG EG (NGU) - CCGGE|49
12490023|RQWGBG-NQWTQWZ - WR|49
12490003|TQEJGHQTV-DGCWNKGW V.V.|49
12490040|TQOCIPG (NC) - U.U.|49
12490037|UCWOWT VVUE|49
12490002|UGITI CPLQW DNGW VGPPKU FG VCDNG|49
12490059|UGIWKPKGTG (NC) VV|49
12490123|UQWNCKTG GV DQWTI RKPI RQPI|49
12490120|UV CPFTG FG NC OCTEJG VV|49
12490062|UV DCTVJGNGOA V2V|49
12490046|UV IGQTIGU RKPI UIUN|49
12490066|UV IGTOCKP UWT OQKPG GRO|49
12490061|UV OCECKTG GP OCWIGU CURO|49
12490098|UV OGNCKPG-OQBG NQKTG-CWDCPEG VV|49
12490033|UV UANXCKP F CPLQW CUVV|49
12490058|UVG IGOOGU U/NQKTG T.I.|49
12490043|VGPPKU FG VCDNG XKEQ EJTKUVKPQKU|49
12490060|VGUUQWCNNG (NC) - G.C.|49
12490030|VKGTEG C.U.V.V.|49
12490014|VQTHQW Xcknncpvu|49
12490022|VTGNCBG Hqagt Gurgtcpeg|49
12490020|VTGOGPVKPGU Cxgpkt Vgppku Vcdng|49
12490010|VWHHCNWP (CODKNNQW EJ.) CUXT VV|49
12490064|XGTPCPVGU Tgxgkn Xgtpcpvcku|49
12490036|XKJKGTU Hqagt Nckswg|49
12490113|XKNNGFKGW NC DNQWGTG V.V.|49
12490032|XKNNGXGSWG UQWEGNNGU CUE|49
12490027|XKXA-IGPPGU Gpvgpvg|49
09500132|CN ICXTCA|50
09500069|CUE FW VGTVTG|50
09500059|Cxgpkt VV FWEGA CXTCPEJGU|50
09500122|DQTFU FG XKTG CU|50
09500011|DTKESWGDGE WE|50
09500027|ECTCPVKNNCKUG LU|50
09500058|ECTGPVCPCKU EN|50
09500130|ECTQNNGU-LWNNQWXKNNG GU|50
09500030|EJGTDQWTI CUVV|50
09500009|EJGTDQWTI WU|50
09500164|EN VQWTNCXKNNG VGPPKU FG VCDNG|50
09500160|EQVG FGU KUNGU VV|50
09500013|EQWVCPEGU LC VV|50
09500012|GSWGWTFTGXKNNG WUV|50
09500087|GUR UVG UWBCPPG VGPPKU FG VCDNG|50
09500139|IQWXKNNG-EQWVCKPXKNNG GPVGPVG|50
09500031|JCANCPFG GU|50
09500107|JCAVKNNQP UO|50
09500082|JGDGETGXQP GU|50
09500025|KUKIPA-OQPVKIPA GPV R|50
09500023|KUKIPA/UV RGNNGTKP VV|50
09500163|NC HGWKNNKG ETGCPEGU VV|50
09500121|NC INCEGTKG WU VV|50
09500124|NGU RKGWZ VGPPKU FG VCDNG|50
09500015|OQPVGDQWTI UCGN|50
09500131|OQTVCKPCKUG GPV VV|50
09500022|Qnaorkswg Enwd f'CIPGCWZ|50
09500161|RGTKGTU URQTVU VV|50
09500157|RQPVQTUQP VV CN|50
09500093|SWGTSWGXKNNCKUG CUVV|50
09500153|UCGN VGPPKU FG VCDNG DTGJCN|50
09500112|UCKPV JKNCKTG/RCTKIPA|50
09500048|UCKPV LCOGU VV|50
09500053|UCKPV LGCP FGU EJCORU TE|50
09500003|UCKPV NQ RN|50
09500117|UCKPV RCKT DTKESWGXKNNG VV|50
09500159|UCKPV RKGTTG GINKUG VV|50
09500162|UKQWXKNNG JCIWG CVVNE|50
09500043|UV OCTVKP FG NCPFGNNGU VV|50
09500111|UV RQKUKGPPG C|50
09500010|UVG OCTKG UVG OGTG GU|50
09500088|VGKNNGWNCKU VV|50
09500165|VGPPKU FG VCDNG UQVVGXCUVCKU|50
09500154|VGTTGICVVG DGWXTQP VV|50
09500073|VQTKIPCKUG GUVV|50
09500063|W.U.O FQPXKNNCKUGU VGPPKU FG VCD|50
09500143|WTXKNNG-PCESWGXKNNG CUU VV|50
09500014|XKNNGFKGW EU|50
06510074|DCTDQPPG VGPPKU FG VCDNG|51
06510004|EJCNQPU CURVV|51
06510015|EJCNQPU LC|51
06510112|EJCNQPU-GP-EJCORCIPG VV|51
06510110|EJGRA CUEL|51
06510067|ENQAGU CN|51
06510054|EQORGTVTKZ HVV|51
06510002|EQWTVKUQNU XQNQPVCKTG|51
06510077|EU DGVJGPA  VV|51
06510020|GRGTPCA-RNKXQV RRE|51
06510062|HGTG-EJCORGPQKUG VV|51
06510009|HKUOGU CTFTG XGUNG WU|51
06510071|HTKIPKEQWTV RKPI RQPI ENWD|51
06510105|IKXTA-GP-CTIQPPG CVRR|51
06510029|ITCWXGU VV|51
06510107|IWGWZ VKPSWGWZ CUVV|51
06510090|OCTGWKN RKGTTA RR|51
06510114|OQWTOGNQP Vgppku fg Vcdng|51
06510115|TGKOU COKECNG LCOKP|51
06510018|TGKOU CURVV|51
06510001|TGKOU QNAORKSWG VV|51
06510082|UCKPVG OGPGJQWNF XXX|51
06510040|UE OGUPKNQKU|51
06510064|UGTOCKBG Ngu Lgwpgu|51
06510053|UGBCPPG VGPPKU FG VCDNG|51
06510019|VCKUUA CUVV|51
06510008|VQWTU UWT OCTPG VGPPKU FG VCDNG|51
06510051|XKVTA VQR|51
06510036|XTCWZ LWXKIPA TE|51
06510117|YCTOGTKXKNNG Vgppku fg Vcdng|51
06520002|EJCNKPFTGA EU|52
06520004|EJCPEGPCA-UNQ VV|52
06520022|EJCWOQPV GECE|52
06520003|GWTXKNNG DKGPXKNNG Lgwpgu|52
06520055|LQKPXKNNG VGPPKU FG VCDNG|52
06520047|OQPVKIPA NG TQK CLR|52
06520054|PQIGPV CUPVV|52
06520001|UV FKBKGT EUD|52
06520057|Vgppku fg Vcdng Dtgwxcppcku|52
12530105|CODTKGTGU VVE|53
12530127|CTQP Urqtvu Nqkuktu|53
12538909|CUVKNNGGP Vgppku fg Vcdng|53
12530090|CBG Vgppku fg Vcdng|53
12530001|DCEQPPKGTG (Nc) Vgppku fg Vcdng|53
12530109|DCKU V.V|53
12538910|DCBQIG-OQPVRKPEQP (nc) V.V|53
12530021|DCBQWIGTU/DCBQWIG FG EJGOGTG|53
12538908|DKIQVVKGTG (Nc) WUVV|53
12530020|DQPEJCOR Gpvgpvg Urqtvkxg|53
12530008|DQWTIPGWH/UV QWGP VVKE|53
12530060|EJCPIG Wpkqp Urqtvkxg|53
12530062|EJCRGNNG CPVJGPCKUG W.U|53
12530042|EJCRGNNG ETCQPPCKUG H.L|53
12530018|EJCVGCW IQPVKGT Vgppku fg Vcdng|53
12530147|EJCVKNNQP U/EQNOQPV Cokecng|53
12530124|EJCVTGU NC HQTGV E.H.N|53
12530025|EJGOCBG Vgppku fg Vcdng|53
12530051|EQOOGT Gvqkng Dngwg|53
12530136|EQPVGUV UV DCWFGNNG|53
12530087|EQUUG NG XKXKGP|53
12530023|EQWTEKVG CU|53
12530054|ETCQP G.U|53
12530055|ETQKZKNNG N Gvqkng (nc)GU|53
12530101|Eqtrq 53 Vgppku fg Vcdng|53
12530017|GTPGGPPG Urqtv Vgppku fg Vcdng|53
12530016|GXTQP Cngtvg|53
12530010|HQTEG WU|53
12530005|ICUVKPGU DCNNQVU CU|53
12530074|IGPPGU UWT INCKBG C.U.V.V|53
12530079|IQTTQPPCKU Vgppku fg Vcdng|53
12530038|ITGB GP DQWGTG E.R|53
12530065|JCKG VTCXGTUCKPG W.U.N (nc)|53
12530088|JQWUUCA Gurgtcpeg|53
12530077|KBG Gvqkng Urqtvkxg|53
12538899|LWDNCKPU C.U.L.V.V|53
12530033|NC FQTGG CVV|53
12530003|NCKIPG CUVV|53
12530068|NCTEJCOR OQPVCWFKP V.V|53
12538903|NCUUCA Vgppku fg Vcdng U.E|53
12530114|NCXCN DQWTPA Vgppku fg Vcdng|53
12530022|NCXCN Htcpeu Ctejgtu|53
12530120|NG IGPGUV|53
12530143|NQKIPGGP Enwd Rqpikuvg|53
12530064|NQKTQP TWKNNG ECVV|53
12530035|NQWXGTPG Vgppku fg Vcdng|53
12530041|OCTEKNNG WU|53
12530036|OCAGPPG Enwd Cvjngvkswg|53
12530078|OGUNCA FW OCKPG Vgppku fg Vcdng|53
12530070|OQPVLGCP Vgppku fg Vcdng|53
12530093|OQWNCA Urqtv V.Vcdng|53
12530059|PWKNNG n'JWKUUGTKG|53
12530099|RQOOGTKGWZ Genckt Urqtvu|53
12530026|RQTV DTKNNGV|53
12530048|RTG GP RCKN Kpvtgrkfg|53
12530108|TGPCBGGP Vgppku fg Vcdng|53
12530119|TWKNNG HTQKF HQPFU R.R.E|53
12530072|UCEG OCTVKIPG CU|53
12530061|UGNNG ETCQPPCKUG(nc)U.N|53
12530146|UKORNG EQUOGU CU|53
12530050|UQWNIG CTIGPVTG Gpvgpvg|53
12530011|UV CKIPCP UWT TQG Gurqkt|53
12530144|UV FGPKU F CPLQW Genckt|53
12530098|UV FGPKU FG ICUVKPGU L.I|53
12538907|UV HQTV Vgppku fg Vcdng|53
12538904|UV HTCKODCWNV C.L.U.H V.Vcdng|53
12530084|UV IGQTIGU UWT GTXG|53
12530121|UV RKGTTG FGU NCPFGU V.V|53
12530117|UV RKGTTG FGU PKFU C.U|53
12530095|UV RKGTTG NC EQWT Enwd Rqpikuvg|53
12530081|UV SWGPVKP NGU CPIGU V.Vcdng|53
12538900|UVG IGOOGU Vgppku fg Vcdng|53
12530058|Uv DGTVJGXKP/Uv NQWR-53 WU|53
12530049|VTCPU UV VJQOCU G.U|53
12530067|XCKIGU Vgppku fg Vcdng|53
12530046|XCNNGG F'QTVJG W.U|53
12530063|XCWVQTVG C.U|53
06540171|CHHNGXKNNG CUE|54
06540202|CVVQP HT VV|54
06540104|CWFWP NG TQOCP CUVV|54
06540193|DCEECTCV CDVV|54
06540135|DCKPXKNNG CWZ OKTQKTU H.T.|54
06540184|DCVKNNA Vgppku fg Vcdng|54
06540075|DCAQP Vgppku fg Vcdng|54
06540001|DNCKPXKNNG FCOGNGXKGTGU CE|54
06540108|DNGPQF OQPVCWXKNNG VV|54
06540007|DTKGA W.U. Vgppku fg Vcdng|54
06540187|EJCORKIPGWNNGU Vgppku fg Vcdng|54
06540088|EJCPVGJGWZ VV|54
06540197|EWVTA Vgppku fg Vcdng|54
06540068|FKGWNQWCTF H.L.G.R.|54
06540020|FQODCUNG UVV|54
06540008|GUUGA-UGKEJCORU V.V.|54
06540010|HQWI E.R.|54
06540011|Htqwctf Q.H.R.|54
06540056|JGKNNGEQWTV NQKUKTU TGPEQP|54
06540115|JGTKOGPKN V.V.|54
06540014|JGTUGTCPIG CUVV|54
06540199|JQWFGOQPV CVV|54
06540201|LQGWH Vgppku fg Vcdng|54
06540016|NCZQW COKECNG N.GOKNG BQNC|54
06540055|NCA UCKPV EJTKUVQRJG VVNUE|54
06540192|NQPINCXKNNG VV|54
06540019|NQPIWAQP G.U.N.|54
06540082|NWFTGU HNCXKIPA VV|54
06540021|NWPGXKNNG C.N.V.V.|54
06540047|OCNNGNQA H.L.G.R.|54
06540151|OGTEA NG DCU H.G.R.|54
06540028|PCPEA CURVV-LCTXKNNG Lgwpg|54
06540043|PCPEA U.N.W.E.|54
06540032|PGWXGU OCKUQPU VV|54
06540128|RQPV C OQWUUQP C.U.V.V.|54
06540034|UCKPV OCZ V.V.J.T.|54
06540157|UV PKEQNCU FG RQTV RRER|54
06540200|VGNNCPEQWTV CUE|54
06540097|VKGTEGNGV O.L.E.|54
06540036|VQWN GETQWXGU CUEVV|54
06540204|Vgppku enwd fg TKEJCTFOGPKN|54
06540160|XCPFQGWXTG CUEK|54
06540198|XCPFQGWXTG CUVV|54
06540194|XKNNGTU NC OQPVCIPG HGR|54
06540040|XKNNGTU NGU PCPEA E.Q.U.|54
06540111|XKNNGA UCKPV GVKGPPG OLE|54
06550007|CPEGTXKNNG O.L.E.|55
06550003|EQOOGTEA R.R.E.|55
06550034|GVCKP T.C.U.U.|55
06550020|HCKPU NGU UQWTEGU CGN|55
06550052|NKIPA GP DCTTQKU V.V.|55
06550058|Ngu Nqwru fg FCOXKNNGTU CUVV|55
06550005|UCKPV OKJKGN R.R.E.|55
06550009|UVGPCA R.R.E.|55
06550013|XGTFWP U.C.X.V.V.|55
03560034|C.L.M. XCPPGU|56
03560060|C.R. RNWPGTGV/OGTKCFGE|56
03560005|C.U.R.V.V. XCPPGU|56
03560027|CLQPEU F QT UV-PQNHH|56
03560086|CTIQGV UVV GNXGP-OQPVGTDNCPE|56
03560094|CTOQTKECKPG FG RGCWNG|56
03560090|CUUR UCKPV RJKNKDGTV|56
03560014|D.Q. SWGUVGODGTV|56
03560019|DCWF VGPPKU FG VCDNG|56
03560101|DTCPFGTKQP VGPPKU FG VCDNG|56
03560085|EGR NQTKGPV VGPPKU FG VCDNG|56
03560046|EGTENG URQTVKH SWGXGPQKU|56
03560031|ENGIWGT VGPPKU FG VCDNG|56
03560016|ENWD URQTVKH HCQWGVCKU|56
03560025|EVV GTFGXGP-DGNB|56
03560049|EVV XCPPGU OGPKOWT|56
03560037|G.F.R. NCPGUVGT|56
03560017|G.R. ECORGPGCE|56
03560020|G.U RNGUEQR V.V|56
03560054|G.U. UCKPV-CXG|56
03560088|GR DGKIPQP|56
03560063|GURGTCPEG UV-LGCP DTGXGNCA|56
03560045|H.E.L. ECWFCP|56
03560002|H.N. MGTACFQ NQTKGPV|56
03560059|H.N. NCPGUVGT|56
03560044|H.N.G.R. RQTV-NQWKU|56
03560033|H.Q.N.E. NQTKGPV QWGUV|56
03560050|HQAGT ENWD FG UV-TCQWN|56
03560039|ICTFG FW XQGW JGPPGDQPV|56
03560091|IQNHG VV 56|56
03560093|IWGTNGFCP VV-OWT FG DTGVCIPG|56
03560072|LGCPPG F CTE RNGWECFGWE|56
03560043|MGTXKIPCE VGPPKU FG VCDNG|56
03560102|N'CU FG VTGHHN'|56
03560057|NC TCSWGVVG IWGIQPPCKUG|56
03560064|NC TCSWGVVG OGNGEKGPPG-RNWOGNGE|56
03560012|NGQRCTFU FG RNQGTOGN|56
03560051|NWVKPU FG NCPIQPPGV|56
03560103|OCNCOGC VGPPKU FG VCDNG|56
03560006|OWBKNNCE VV|56
03560099|RNQGOGWT 56 VV|56
03560071|RNQWTCA VGPPKU FG VCDNG|56
03560096|RQPV-UEQTHH IGUVGN VV|56
03560098|RQPVKXA-UV VJWTKCW-OCNIWGPCE VV|56
03560013|RTGUSW KNG VV SWKDGTQP|56
03560052|Tcswgvvg f'Qwuv fg RGKNNCE|56
03560036|UGPG VGPPKU FG VCDNG|56
03560038|V. V. FW RCAU FG NQEOKPG|56
03560055|V.V. NC IWKFGNQKUG|56
03560056|VGPPKU FG VCDNG IQWTKP|56
03560066|VV IWGOGPG U/UEQTHH|56
03560092|VV TJWAU-UCTBGCW|56
03560028|W.U. RNQWCAUKGPPG|56
03560023|WUUCE UCKPV CDTCDTCO|56
06570070|COPGXKNNG Vgppku fg Vcdng|57
06570022|CU.Ucttgiwgokpgu Vgppku fg Vcdng|57
06570177|CWFWP NG VKEJG LUC|57
06570102|DCUUG JCO  DJVV|57
06570180|DGJTGP NGU HQTDCEJ VV|57
06570174|DGTVTCPIG-FKUVTQHH VV|57
06570078|ENQWCPIG V.V.|57
06570088|ETGWVBYCNF G.R.|57
06570191|ETGWVBYCNF Vgppku fg Vcdng|57
06570005|HCWNSWGOQPV G.U.E.|57
06570027|HQTDCEJ W.U.V.V.|57
06570057|HTGAOKPI-UV OCWTKEG NVFR|57
06570007|JCIQPFCPIG G.U.|57
06570125|JCACPIG W.U.V.J. V.V.|57
06570179|JWPFNKPI E.R.J.|57
06570075|KNNCPIG WUVV|57
06570158|MPWVCPIG-PKNXCPIG VV|57
06570168|MQPCEMGT JCACPIG U.N.|57
06570008|N JQRKVCN R.R.E.|57
06570107|OCKBKHTGU-NHU-OGVB V.V.|57
06570014|OCPQO L.U.|57
06570175|OGVB ITCPIG CWZ DQKU VV|57
06570190|OGVB Vgppku fg Vcdng|57
06570015|OQPVKIPA NGU OGVB V.V.|57
06570060|OQTUDCEJ Ucttg gv Oqugnng CUVV|57
06570169|OQWNKPU NGU OGVB HE|57
06570202|PKFGTXKNNGT Gfgp Rqpikuvg|57
06570018|QDGTICKNDCEJ W.R.|57
06570132|RCAU FG DKVEJG VV|57
06570199|RCAU UKGTEMQKU URQTVU GV NQKUKTU|57
06570193|TGOKNNA Vgppku fg Vcdng|57
06570146|TQJTDCEJ-NGU-DKVEJG VV|57
06570137|TQWJNKPI EVV|57
06570188|TQWUUA NG XKNNCIG VV|57
06570019|UCKPV CXQNF E.V.V.|57
06570154|UCKPV LGCP MQWTVBGTQFG NL|57
06570201|UCKPV LWNKGP NGU OGVB VV|57
06570111|UCTTGDQWTI VV|57
06570181|UEJOKVVXKNNGT CVV|57
06570093|UEJQGPGEM V.V.|57
06570030|URKEJGTGP E.U.P.|57
06570167|UV LGCP TQJTDCEJ CNRT|57
06570140|UVG OCTKG CWZ EJGPGU CURVV|57
06570073|VGTXKNNG Vgppku fg Vcdng|57
06570024|VJKQPXKNNG Vgppku fg Vcdng|57
06570159|XGTICXKNNG H.T.|57
06570173|XKE UWT UGKNNG GR|57
06570037|XQNOWPUVGT H.L.|57
06570029|YKNNGTYCNF C.U.|57
02580006|CU XCTBA|58
02580012|CUC XCWBGNNGU|58
02580013|CUH HQWTEJCODCWNV|58
02580052|CVV RQWKNNA UWT NQKTG|58
02580078|CXGPKT URQTVKH FG UV GNQK|58
02580084|EQTRQ PKGXTG|58
02580010|GNCP PGXGTU|58
02580007|GURGTCPEG FG UV NGIGT|58
02580019|Hqagt Twtcn VV EJGXGPQP|58
02580091|NG RKPI EQTDKIGQKU|58
02580042|OLE KORJA|58
02580089|URQTV NQKUKT EQOOWPCN|58
02580093|VGPPKU FG VCDNG FG ICTEJKBA|58
02580017|WPKQP EQUPQKUG URQTVKXG|58
02580031|WU EQWNCPIGU NGU PGXGTU|58
02580035|WU NC EJCTKVG VGPPKU FG VCDNG|58
02580067|WU OQWNKPU GPIKNDGTV VV|58
07590412|CKZ GURCEG GP RGXGNG|59
07590176|CPKEJG VV|59
07590065|CPPQGWNNKP VV|59
07590151|CPQT RRE|59
07590258|CPBKP CU VV|59
07590004|CTOGPVKGTGU  HLGR|59
07590218|CUUGXGPV RRE|59
07590228|CVVKEJGU CUVV|59
07590075|CWDGTU TCSWGVVG|59
07590107|CWDA GVV|59
07590403|CWNPQA URQTV VGPPKU FG VCDNG|59
07590223|DCKNNGWN VV|59
07590336|DCKUKGWZ VV|59
07590363|DCXCA VV|59
07590426|DGCWHQTV VV|59
07590120|DGWXTA NC HQTGV VV|59
07590331|DQWTDQWTI UEVV|59
07590021|DQWUDGESWG VV/YGTXKES UWF|59
07590361|DTCA FWPGU VV|59
07590112|DTWCA UWT GUECWV RRE|59
07590231|DTWKNNG EVV|59
07590149|DWIPKEQWTV CN|59
07590033|ECGUVTG VVE|59
07590250|ECODTCK ER|59
07590439|ECORJKP GP ECTGODCWNV C VV|59
07590413|ECRRGNNG GP RGXGNG VV|59
07590040|ECRRGNNG NC ITCPFG VV|59
07590123|ECWFTA ER|59
07590419|ENCTA VGPPKU FG VCDNG|59
07590436|EQNNGTGV QUVGTIPKGU VV|59
07590184|EQOKPGU RRE|59
07590013|EQPFG UWT GUECWV VV|59
07590122|EQWFGMGTSWG-DTCPEJG VV|59
07590271|EQWTEJGNGVVGU CR|59
07590417|EQWUQNTG CURR PT|59
07590251|ETGXGEQGWT-NGUFCKP-TWGU C|59
07590053|ETQKZ CUXJ|59
07590114|EWKPEA CVV|59
07590008|FQWCK VV|59
07590428|FQWEJA NGU OKPGU VVE|59
07590050|FWPMGTSWG VVCD|59
07590088|GPINQU VV|59
07590171|GPPGVKGTGU-GP-YGRRGU CUN|59
07590423|GTSWKPIJGO NAU CVVG|59
07590061|GUECWFCKP CUVV|59
07590338|GUECWFQGWXTGU VV|59
07590055|GUVCKTGU-NC IQTIWG-OGTXKNNG GR|59
07590074|HCEJGU-VJWOGUPKN VV|59
07590395|HCOCTU VVU|59
07590260|HCWOQPV CU|59
07590082|HGTTKGTG NC ITCPFG EUVV|59
07590014|HNKPGU NGB TCEJGU RRE|59
07590002|HQPVCKPG PQVTG FCOG CVV|59
07590020|HQWTOKGU RRE|59
07590235|HTGVKP EHVV|59
07590116|IQPFGEQWTV CNVV|59
07590024|ITCPF-HQTV-RJKNKRRG VVE|59
07590063|ITCPFG-UAPVJG Q VV|59
07590034|ITCXGNKPGU WU VV|59
07590332|IWGUPCKP CVV|59
07590106|JCNNGPPGU NGB JCWDQWTFKP VV|59
07590018|JCNNWKP VV|59
07590414|JCPVCA HLGR|59
07590379|JCURTGU WUVV PT|59
07590005|JCWDQWTFKP EVV|59
07590080|JGO RRE|59
07590400|JGTIPKGU HTGUPGU EVV|59
07590404|JGTKP WUVV|59
07590269|JQTPCKPI VV|59
07590351|JQWRNKPGU HE|59
07590237|JQAOKNNG VV|59
07590204|KPEJA-DGCWOQPV WR|59
07590105|LGWOQPV RRE|59
07590425|NC EJQSWG VVNE|59
07590376|NC NQPIWGXKNNG RRE|59
07590071|NC OCFGNGKPG WU|59
07590259|NCODGTUCTV EVV|59
07590086|NCPFTGEKGU VVE|59
07590162|NG ECVGCW ELVV|59
07590244|NGEGNNGU VV|59
07590170|NGGTU QOPKURQTV UVV|59
07590164|NGUSWKP CUNVV|59
07590345|NGXCN UWT UCODTG WU|59
07590281|NGYCTFG RRE|59
07590276|NKNNG CVUECH|59
07590041|NKNNG ETGFKV OWVWGN CU|59
07590051|NKNNG NQUE VGPPKU FG VCDNG|59
07590435|NKNNG OGV CU CVGNKGT OCNGEQV|59
07590009|NKNNG OGVTQRQNG VGPPKU FG VCDNG|59
07590102|NKPUGNNGU VV|59
07590044|NQOOG ER|59
07590432|NQORTGV CLNVV|59
07590057|NQQU URQTV VV|59
07590127|NAU NKNNG OGVTQRQNG ER|59
07590293|OCTES GP DCTQGWN VV|59
07590049|OCTNA VVO|59
07590141|OCTSWGVVG  UOU  VV|59
07590153|OCUVCKPI VV|59
07590177|OCWDGWIG WVV|59
07590012|OGTKIPKGU V.V.|59
07590173|OQPU VV|59
07590016|OQPVKIPA GP QUVTGXGPV EVV|59
07590087|PGWXKNNG GP HGTTCKP RR|59
07590263|PKGRRG VGPPKU FG VCDNG|59
07590131|QPPCKPI VV|59
07590137|QTEJKGU CN|59
07590048|RGTGPEJKGU WU|59
07590011|RGVKVG-UAPVJG UO|59
07590441|RQKZ FW PQTF CUVV|59
07590182|RTQXKNNG CUN|59
07590410|SWGUPQA UWT FGWNG VV|59
07590409|SWKGXTGEJCKP CUSVV|59
07590043|TCFKPIJGO GP YGRRGU CU|59
07590047|TCKNNGPEQWTV UVG QNNG VVE|59
07590113|TCKODGCWEQWTV RRE|59
07590215|TQPEJKP GR|59
07590194|TQPES WNLCR|59
07590058|TQQUV-YCTGPFKP-FOH CU|59
07590126|TQWDCKZ CR|59
07590100|UCPVGU EVV|59
07590372|UCTU RQVGTKGU/DGWIPKGU RRE|59
07590440|UGDQWTI-GUVTGWZ GPV RQPIKUVG|59
07590313|UGENKP RRR|59
07590023|UGSWGFKP QUOU VV|59
07590027|UKP NG PQDNG VV|59
07590310|UQNGUOGU VV|59
07590256|UV COCPF VV|59
07590089|UV CPFTG WUVV|59
07590054|UV JKNCKTG NGB ECODTCK VV|59
07590411|UV RQN/OGT COKECNG RQPIKUVG|59
07590031|UV TGOA FW PQTF ER|59
07590402|UVGGPDGESWG HTLGR|59
07590175|VGORNGOCTU-XGPFGXKNNG GR|59
07590288|VGVGIJGO EVV|59
07590007|VJWOGTKGU CIV|59
07590354|VQWHHNGTU VV|59
07590072|VQWTEQKPI CLL|59
07590076|VQWTEQKPI LGWP.RQPIKUV.DQWTI.|59
07590017|VQWTEQKPI LI|59
07590327|VQWTEQKPI VVDU|59
07590352|VTGNQP VV|59
07590347|VTKVJ UV NGIGT EQ|59
07590392|XCNGPEKGPPGU WUVV|59
07590315|XKGUNA VV|59
07590038|XKNNGPGWXG F'CUES ECTUCV VV|59
07590427|XKNNGPGWXG F'CUES FGECVJNQP VV|59
07590068|XKNNGPGWXG F'CUES HQU|59
07590093|XKNNGTGCW EFL|59
07590437|YCNKPEQWTV-UGNXKIPA VV PT|59
07590006|YCODTGEJKGU ECHR|59
07590430|YCTIPKGU-NG-ITCPF VVIC|59
07590390|YCUSWGJCN VV|59
07590003|YCVVKIPKGU  RRE|59
07590069|YCVVTGNQU WU UCEN|59
07590374|YQTNFNKPG UGENKP EUG|59
07590130|YQTOJQWV CU VV|59
07600112|CIPGVB CUVV|60
07600157|CPFGXKNNG RRE|60
07600005|CPIA-DWTA VV|60
07600041|CPUCWXKNNGTU VV|60
07600134|CWPGWKN + 3R|60
07600154|DCKNNGWN UWT VJGTCKP VV|60
07600040|DGCWXCKU VV|60
07600004|DGTPGWKN-EQORKGIPG-NCETZ QKUG VV|60
07600126|DTGPQWKNNG CVV|60
07600074|DTGVGWKN YI VV|60
07600171|ECWHHTA VV|60
07600164|EF QKUG EQTRQ VV|60
07600070|EJCPVKNNA ICU|60
07600039|EJQKUA CW DCE EVV|60
07600043|ENGTOQPV GR|60
07600069|EQWFWP UN|60
07600027|ETGRA GP XCNQKU WU|60
07600081|Fkurctw (Hqtogtkg)|60
07600015|GRGX NC VGVG GV NGU LCODGU|60
07600167|GUVTGGU VGPPKU FG VCDNG|60
07600086|HGWSWKGTGU CR|60
07600017|IQKPEQWTV Vgppku fg Vcdng|60
07600054|IQWXKGWZ NCOQTNCAG Uwf QkugVV|60
07600114|JCWV VKNNQKU VV|60
07600166|JGPQPXKNNG EQ|60
07600175|NC EJCRGNNG - QTTA RKPI|60
07600168|NC TCSWGVVG EJCWOQPVQKUG|60
07600169|NCUUKIPA VV|60
07600008|NGU CIGWZ HT|60
07600088|NQPIWGKN VV|60
07600018|OGTW RRE|60
07600170|OQIPGXKNNG OQPEJA NCKIPGXKNNG GR|60
07600161|OQPVEJGXTGWKN CUVV|60
07600146|OQWA GR WUF|60
07600035|PQIGPV/QKUG BWR LGWPGU|60
07600063|PQAGTU UV OCTVKP CVV|60
07600117|PQAQP VV|60
07600009|TKDGEQWTV WU|60
07600024|UCKPVKPGU CVV|60
07600003|UGPNKU VV|60
07600141|UGTKHQPVCKPG VV|60
07600044|UV LWUV GP EJCWUUGG CENGU|60
07600046|UV OCZ-UV NGW-XKNNGTU gpvgpvg VV|60
07600111|VJQWTQVVG VV|60
07600016|VTQKUUGTGWZ-DQPN-LWXKIP-OCKU CU|60
07600163|WNNA UV IGQTIGU HT|60
07600026|XKIPGOQPV CNCG|60
07600037|XKNNGTU UV RCWN VV|60
09610039|CNGPEQP CNE|61
09610009|CNGPEQP GVQKNG|61
09610002|CTIGPVCP DCACTF|61
09610073|CTIGPVCP QN|61
09610031|CVJKU EVV|61
09610135|CWDG/ETWNCK/N'CKING VV|61
09610104|CWDWUUQP CUEH|61
09610108|DCKNNGWN CVV|61
09610056|DTKQWBCKP QE|61
09610131|EQGWT RGTEJG CR|61
09610017|FQOHTQPV VV|61
09610035|FWTEGV Cxgpkt|61
09610101|HCXGTQNNGU WU|61
09610004|HNGTKGP VV|61
09610043|HNGTU CUGIQ|61
09610115|NC DCTQEJG U/U NWEG CUD|61
09610034|NC EQWNQPEJG CUN|61
09610012|NC HGTTKGTG CWZ GVCPIU L|61
09610122|NC HGTVG OCEG CNVV|61
09610138|NG UCR VV|61
09610106|NQPNCA CDK|61
09610095|NQWIG UV DTKEG GU|61
09610097|OCPVKNNA WU|61
09610107|OGFCXA CU|61
09610119|OQTVCIPCKUG WUVV|61
09610040|RWVCPIGU WU|61
09610130|Rqpikuvg Enwd DGNNGOQKU|61
09610142|UGEVKQP RCAU F'QWEJG VGPPKU FG V|61
09610087|UV IGTOCKP FW EQTDGKU CVV|61
09610077|UV QWGP U/KVQP VV|61
09610093|UV RKGTTG FW TGICTF CU|61
09610148|UV UWNRKEG UV OCTVKP CUVV|61
09610037|UVG JQPQTKPG NC EJCTFQPPG H.|61
09610136|VGPPKU FG VCDNG RCAU OGNQKU|61
09610149|VGPPKU FG VCDNG XCNDWTIGQKU|61
09610011|VKPEJGDTCA RUL|61
09610150|VV EJCORUGETGV|61
07620064|CNNQWCIPG CN|62
07620192|CPFTGU VV|62
07620057|CPPGSWKP  VV|62
07620168|CPXKP VV|62
07620048|CTNGWZ GP IQJGNNG CUFN|62
07620096|CTSWGU GU|62
07620031|CTTCU VGPPKU FG VCDNG|62
07620016|CWDKIPA GP CTVQKU UE|62
07620100|CXKQP VV|62
07620077|DCNKPIJGO CNHLR|62
07620184|DGCWTCKPU CN|62
07620051|DGTEM VV|62
07620067|DGVJWPG-DGWXTA CUVV|62
07620190|DKCEJG VGPPKU FG VCDNG|62
07620049|DKNNA DGTENCW VV|62
07620042|DKNNA OQPVKIPA VV|62
07620140|DQKU-DGTPCTF CN|62
07620046|DQWNQIPG UWT OGT CDER|62
07620090|DQWNQIPG UWT OGT GWTXKP|62
07620195|DTGOGU NGU CTFTGU COKECNG|62
07620005|DWNNA NR|62
07620169|DWTDWTG VV|62
07620139|ECNCKU DCNBCE VV|62
07620027|ECNCKU QNAORKSWG VV|62
07620173|ECOKGTU CNET VV|62
07620186|ECORCIPG NGU DQWNQPPCKU CUN|62
07620104|ECTXKP CVV|62
07620130|EQSWGNNGU VV|62
07620191|EQWNQIPG VVE|62
07620165|EQWRGNNG-PGWXG HT|62
07620080|EWES CUR|62
07620176|FCKPXKNNG CUVV|62
07620088|FKXKQP CUVV|62
07620052|FQWXTKP EUHO|62
07620196|GEQWTV UV SWGPVKP COKECNG NCKSWG|62
07620037|GRGTNGESWGU VNVV|62
07620153|GUUCTU VV|62
07620069|GVCRNGU CUVV|62
07620072|HQWSWKGTGU-NGU-NGPU EVV|62
07620010|HTGXGPV VGPPKU FG VCDNG|62
07620183|JCKUPGU-JWNNWEJ VV|62
07620189|JCNNKPGU CVV|62
07620058|KUDGTIWGU VV|62
07620121|NC EQWVWTG VVNTX|62
07620060|NCDQWTUG VV|62
07620162|NCRWIPQA CUE|62
07620185|NG RQTVGN CR|62
07620119|NGHQTGUV VV|62
07620131|NGPU VV|62
07620112|NKDGTEQWTV ER|62
07620017|NKGXKP WUC Vgppku fg Vcdng|62
07620150|NQKUQP-UQWU-NGPU CUVV|62
07620015|NQPIWGPGUUG VGPPKU FG VCDNG|62
07620040|NQQU GP IQJGNNG VV|62
07620044|OCTEM RRE|62
07620038|OCTSWKUG CUVV|62
07620062|OCBKPICTDG OCGLU|62
07620188|OGTNKOQPV VV|62
07620082|OGWTEJKP GURQKT  VV|62
07620145|PQGWZ NGU OKPGU EN HLGR|62
07620063|PQAGNNGU IQFCWNV RRE|62
07620054|PQAGNNGU IQFCWNV VVUO|62
07620154|PQAGNNGU/NGPU GR|62
07620019|QWVTGCW CRD|62
07620079|QAG-RNCIG VVE|62
07620078|RQPV C XGPFKP CNVV|62
07620065|RQPV FG DTKSWGU VV|62
07620193|RTGWTGU-NQPIHQUUG VV|62
07620002|SWKGTA NC OQVVG EVV|62
07620007|SWKGUVGFG VV|62
07620087|TKPZGPV-JAFTGSWGPV  VV|62
07620108|UCKNNA NCDQWTUG VV|62
07620149|UCKNNA UWT NC NAU VV|62
07620111|UCKPV NCWTGPV DNCPIA  VVK|62
07620018|UCKPV OCTVKP NGB VCVKPIJGO VV|62
07620181|UCKPV QOGT VGPPKU FG VCDNG|62
07620182|UCKPV-JKNCKTG EQVVGU ERR|62
07620110|UCKPVG ECVJGTKPG NGB CTTCU CUVV|62
07620151|UCKPVG OCTKG MGTSWG WUVV|62
07620032|UCOGT V V|62
07620024|VKNNQA NGU OQHHNCKPGU VV|62
07620092|XGPFKP NGU DGVJWPG VV|62
07620147|XKQNCKPGU VV|62
07620061|YKOGTGWZ CNGD|62
07620047|YKPINGU ENN|62
07620029|YKVVGU WU|62
07620028|YKBGTPGU ER|62
01630320|C. OKTGHNGWTU VV|63
01630125|C.N. NWUUCV vgppku fg vcdng|63
01630054|CGR PQJCPGPV|63
01630301|CN IGTBCV|63
01630015|CUVVTG TKQO|63
01630005|CVUECH ENGTOQPV-HF|63
01630249|CVV CWNPCV|63
01630308|CVV RWA-IWKNNCWOG|63
01630281|CVV UCKPV DCDGN|63
01630243|Cokecng Rqpikuvg Gppgbcv|63
01630078|E N EQWTPQP|63
01630303|EN EJCRFGU-EQODTCKNNGU|63
01630261|G. EGATCV|63
01630333|HCN DGCWTGICTF N'GXGSWG|63
01630145|HEU NC TQEJG DNCPEJG|63
01630317|HTCVGTPGNNG FGU XQNECPU XQNXKE|63
01630329|LQD VV|63
01630085|R R E CODGTV|63
01630121|R.R.E. QTNGCV|63
01630338|URQTV XQNECPU VV PGDQWBCV|63
01630059|UV GNQA NGU OKPGU C.N|63
01630123|UVCFG ENGTOQPVQKU|63
01630327|UWTCV HQAGT TWTCN|63
01630337|Ucwxcipcv Uckpvg Octvjg VV|63
01630185|VGPPKU FG VCDNG ECUVGNRQPVKP|63
01630182|VGPPKU FG VCDNG FGU EQODTCKNNGU|63
01630334|VGPPKU FG VCDNG TCPFCP|63
01630184|VV DKNNQO|63
01630330|VV EQWTRKGTQKU|63
01630318|VV NC VQWT F'CWXGTIPG|63
01630191|VV NG EGPFTG|63
01630310|VV RGUEJCFQKTGU|63
01630332|VV TQOCIPCV|63
01630289|VVU FWTQNNKGP|63
01630114|Vgppku  fg Vcdng fg  IGNNGU|63
01630012|W.U. KUUQKTG VV|63
01630241|W.U. OCTVTGU FG XGATG VV|63
01630014|W.U.E. NGBQWZ|63
01630009|WU EJ. ENGTOQPV-HF|63
01630307|XGATG-OQPVQP VV|63
10640004|C. NGUECTKGPPG VV|64
10640012|DGTPCFGVU VGPPKU FG VCDNG|64
10640019|ETQKUGU UV CPFTG DCAQPPG|64
10640027|FQPCRCNGWMQ RKPI RQPI VCNFGC|64
10640010|H.T OQPGKP|64
10640015|HLGR UCNKGU FG DGCTP|64
10640001|IQGNCPFU FG DKCTTKVB|64
10640006|LWTCPEQP V.V.|64
10640008|OCJCKP LQMQ JCURCTTGP|64
10640003|UGEVKQP RCNQKUG VV|64
10640014|VV DKTQP-QTVJGB|64
10640017|VV JGPFCACKU|64
10640025|VV OCWNGQP-QNQTQP|64
10640023|XCVJ XKGNJC VV|64
11650018|C.U.E.CWTGKNJCP|65
11650026|COKECNG RQPIKUVG F CPFTGUV|65
11650014|ENWD VGPPKU VCDNG NQWTFCKU|65
11650004|G U RQWBCECKUG|65
11650016|G.U. FGU DCTQPPKGU|65
11650034|VCTDGU QFQU RATGPGGU VV|65
11650017|VV ECOCNGU|65
11660020|CTIGNGU VGPPKU FG VCDNG|66
11660013|DQWTI OCFCOG VV|66
11660001|ECPQJGU VQWNQWIGU VGPPKU FG VCDN|66
11660008|EQVG XGTOGKNNG VV|66
11660031|GPV XCNNGURKT VGPPKU FG VCDNG|66
11660043|KNNGPE VGPPKU FG VCWNG|66
11660032|OKNNCU VGPPKU FG VCDNG|66
11660009|RGTRKIPCP TQWUUKNNQP VGPPKU FG V|66
11660011|RGTRKIPCP UV ICWFGTKSWG VV|66
11660041|RTCFGU EQPHNGPV ECPKIS VV|66
11660003|TKXGUCNVGU EVV|66
11660021|VGPPKU FG VCDNG ENWD NCWTGPVKP|66
11660007|VV Vjwktkpqku|66
11660019|WU VQTTGKNNGU WU VV|66
06670200|C.U. CNECVGN NWEGPV KNNMKTEJ|67
06670257|COKECNG RQPIKUVG YQNZJGKO|67
06670281|COKVKG NKPIQNUJGKO|67
06670261|Cxgpkt MQEJGTUDGTI VV|67
06670221|DCTT Vgppku fg Vcdng|67
06670219|DGKPJGKO E.V.V.D.|67
06670058|DGPHGNF NCWTGPVKC U.U.E.|67
06670207|DGTUVGVV V.V.|67
06670203|DGVUEJFQTH VV|67
06670043|DTWOCVJ WPKVCU Vgppku fg Vcdng|67
06670247|EJCVGPQKU E.E.C.|67
06670107|ETGFKV OWVWGN CU|67
06670078|Eqorcipkg Vtcpurqtvu Uvtcudqwti|67
06670149|FQTNKUJGKO UF|67
06670233|FTWNKPIGP V.V|67
06670271|FWTTGPDCEJ CVVF|67
06670003|GEMDQNUJGKO|67
06670129|GTIGTUJGKO HEL|67
06670280|GTPQNUJGKO UWT DTWEJG UVV|67
06670201|GUEJCW EVV|67
06670279|Gvqkng Rqpikuvg fg UEJNGKVJCN|67
06670183|HEL DQQVBJGKO|67
06670274|HGUUGPJGKO NG DCU CUEU|67
06670194|IGTUVJGKO EUF|67
06670246|ITKGUJGKO FKPIUJGKO VV|67
06670115|IWPFGTUJQHHGP R79|67
06670195|JCPCW Vgppku fg Vcdng|67
06670273|JCWVG DTWEJG Vgppku fg Vcdng|67
06670216|JQGTFV V.V.|67
06670254|Jqrkvcwz Wpkxgtukv. Uvtcudqwti|67
06670014|KNNMKTEJ ITCHHGPUVCFGP CR|67
06670114|MGUMCUVGN VV|67
06670212|NGWVGPJGKO E.V.V.|67
06670256|NKNNA CU Vgppku fg Vcdng|67
06670248|OCTOQWVKGT EUG|67
06670171|QDGPJGKO Enwd Vgppku Vcdng|67
06670122|QDGTPCK EC|67
06670275|QUVJQHHGP HE|67
06670027|TQUJGKO EC|67
06670260|UCTTG-WPKQP EVV|67
06670010|UEJKNVKIJGKO UW VV|67
06670272|UEJKNVKIJGKO Vgppku fg Vcdng|67
06670187|UEJKTTJGKP-UEJKTTJQHHGP EUEUP|67
06670178|UQWHHGN VV|67
06670066|UQWNVB UQWU HQTGVU VV|67
06670064|UVTCUDQWTI CU GWTQOGVTQRQNG|67
06670011|UVTCUDQWTI EJGOKPQVU CUEU|67
06670092|UVTCUDQWTI GNGEVTKEKVG CU|67
06670270|UVTCUDQWTI GWTQOGVTQRQNG VV|67
06670045|UVTCUDQWTI TE|67
06670002|UVTCUDQWTI UV LGCP EU 1852|67
06670072|UVTCUDQWTI UV LQUGRJ|67
06670160|V.V.Jciwgpcw Ykuugodqwti|67
06670265|WU GICNKVCKTG PGWFQTH|67
06670267|XCN FG OQFGT 77 EVV|67
06670277|XKNNI VVE|67
06670282|Xcnnig fg Xknni Vgppku fg Vcdng|67
06670041|BQTP VV JQEJHGNFGP|67
06680120|CPFQNUJGKO Vgppku fg Vcdng|68
06680128|DGTIJGKO EUU|68
06680080|EQNOCT CLG|68
06680119|EQNOCT E.E.E. V.V.|68
06680004|EQNOCT OLE|68
06680123|GPUKUJGKO V.V.O.E|68
06680059|JQTDQWTI-YKJT VV|68
06680102|JWPKPIWG VVE|68
06680091|KNNBCEJ VVULD|68
06680090|KPIGTUJGKO UUUC|68
06680071|KUUGPJGKO VV|68
06680140|MGODU VV|68
06680115|OWNJQWUG E.E.E. V-V|68
06680006|OWNJQWUG HE|68
06680105|OWNJQWUG VGPPKU FG VCDNG|68
06680020|QUVJGKO ERRE|68
06680011|TKZJGKO RRC|68
06680125|TQUGPCW VV|68
06680082|UCKPV-NQWKU VV|68
06680138|UQWNVB EUO VV|68
06680111|VJCPP VGPPKU FG VCDNG ENWD|68
06680130|XCN fg NKGRXTG CUN|68
06680143|YKNNGT UWT VJWT VVE|68
06680116|YKPVBHGNFGP VV|68
06680118|YKVVGNUJGKO OFRC VV|68
01690034|CEGN EQWBQP|69
01690147|CH ETCRQPPG|69
01690004|CN EJCORCIPG|69
01690031|CN EJCTTGCTF XGPKUUKGWZ|69
01690006|CN EQWTU NC XKNNG|69
01690002|CN ETQKZ TQWUUG|69
01690201|CN KTKIPA VV|69
01690062|CN XCKUG UGTKP|69
01690141|CNDKIPA VGPPKU FG VCDNG|69
01690079|CORNGRWKU VVE|69
01690104|CU ECNWKTG GV EWKTG|69
01690185|CU ITGBKGW VV|69
01690001|CU OCTEA EJCTDQPPKGTGU|69
01690167|CU OQTPCPV VV|69
01690184|CU RQOGAU VV|69
01690008|CU UVG NAQP DCPSWG|69
01690215|CU VGPPKU FG VCDNG NAQP 6gog|69
01690027|CUE D P R RCTKDCU|69
01690199|CUEG Vgppku fg Vcdng Owtqku|69
01690150|CUVV XKGPPG UV TQOCKP GP ICN|69
01690175|CUWN Naqp 8 Vgppku fg Vcdng|69
01690196|DTQP VV|69
01690112|EJCORCIPG VV|69
01690090|EJCTEQV UVG HQA NGU NAQP|69
01690041|ENWD CTDTGUNQKU RQPIKUVG|69
01690197|EQTDCU VGPPKU FG VCDNG|69
01690169|ER EJCODQUV NQPIGUUCKIPG|69
01690064|ER IKXQTU|69
01690123|EUCP VCTCTG VGPPKU VCDNG|69
01690207|Enwd Rqpikuvg Okqncpf|69
01690211|Enwd Rqpikuvg RWUKIPCP|69
01690105|Enwd Rqpikuvg UV RTKGUV|69
01690109|GEWNNA Vgppku fg Vcdng|69
01690212|GPV RQPI DGNNGXKNNG-EJCNGKPU|69
01690220|GPV UV IGPQKUG|69
01690138|GU IGPCU CBKGW|69
01690013|GU LQPCIG Vgppku fg vcdng|69
01690102|GU OGUUKOA|69
01690040|GURGTCPEG FG DTKIPCKU|69
01690058|HLGR OGABKGW|69
01690156|HT UQWBA|69
01690030|HTCV QWNNKPU - RKGTTG-DGPKVG VV|69
01690047|LC ECNWKTG|69
01690186|NAQP 7 VV IGTNCPF|69
01690224|NAQP GUV URQTV VGPPKU FG VCDNG|69
01690218|OQPSWK RQPI|69
01690160|RN XKNNGVVG RCWN DGTV|69
01690154|RQPVEJCTTC - UV HQTIGWZ VV|69
01690103|TJQPG URQTVKH|69
01690052|TKNNKGWZ CWXT|69
01690226|UCKPV LGCP FGU XKIPGU URQTVU|69
01690181|VCUUKP ENWD RQPIKUVG|69
01690005|VV EJCBCA F CBGTIWGU|69
01690206|VV EQNQODKGT UCWIPKGW|69
01690166|VV TJQPG - ICTQP|69
01690107|VV UV IGPKU NCXCN|69
01690029|WU EJGOKPQVU NAQP|69
01690192|WU OQPVCPCA RQPIKUVG|69
01690221|XCN F'QBQP VGPPKU FG VCDNG|69
01690162|XCNGPE'KP RKGTTG VV|69
01690023|XKNNGHTCPEJG VVECX|69
01690223|XKNNGWTDCPPG VGPPKU FG VCDNG|69
02700018|CN ITCA|70
02700036|CON EJCORNKVVG|70
02700094|CUVV DWEGA NGU IA|70
02700077|EVV XCNNQPU HNGWTKU|70
02700087|Enwd fgu Lgwpgu TCFFQP NWZGWKN|70
02700002|GVQKNG OQVVG XGUQWN|70
02700009|GVQKNG URQTVKXG LWUUGA VV|70
02700046|NC UCWVGTGNNG UCWNZ|70
02700074|NG XCN UV GNQK VV - NC DCPPKG|70
02700030|PQKFCPU VGPPKU FG VCDNG|70
02700014|UCKPV NQWR UWT UGOQWUG|70
02700015|V V UGTXCPEG OGNKUGA|70
02700075|VGPPKU FG VCDNG TQPEJCOR|70
02700085|VV HQWIGTQNNCKU|70
02700093|VV NWTG|70
02700089|VV RQTV-XCKXTG-CURVV XGUQWN|70
02700005|XCWXKNNGTU VGPPKU FG VCDNG|70
02710049|CU UV XKPEGPV-DTCIPA|71
02710023|CUN EJCVGPQA NG TQACN VV|71
02710048|CVV FW DTGWKN|71
02710082|DTGUUG RKPI - VGPPKU FG VCDNG|71
02710025|EJCIPA VGPPKU FG VCDNG|71
02710008|EJCNQP VGPPKU FG VCDNG|71
02710083|ENWD RQPIKUVG OQPVEGNNKGP|71
02710051|G.R.N.T. EJCTPCA|71
02710005|HE IWGWIPQP|71
02710086|IGPGNCTF-RCTCA VGPPKU FG VCDNG|71
02710041|L.U. QWTQWZ VV|71
02710002|OCEQP VV|71
02710035|OQPVEJCPKP VV|71
02710036|UCKPV TGOA V.V.|71
02710084|UGPPGEGA NG ITCPF VGPPKU FG VCDN|71
02710071|V.V. JCWV OCEQPPCKU|71
02710072|VV CUUQEKCVKQP UQOOG-NQKTG|71
02710067|WR ETGWUQV XCTGPPGU|71
02710042|XCKNNCPVG CWVWP-VV|71
12720034|CPKNNG DTCAG CDVV|72
12720079|CTEQPPCA VV|72
12720008|CTPCIG WU|72
12720133|CUUG NG DQKUPG VV|72
12720041|DQPPGVCDNG R|72
12720091|EJCORCIPG GUR|72
12720051|EJCPIG VV|72
12720021|EJCVGCW FW NQKT CUEE|72
12720052|EQNUI NCKIPG UCKPV IGTXCKU|72
12720078|EQPPGTTG-NQODTQP  OL|72
12720028|EQWNCKPGU LU|72
12720092|FGITG LU|72
12720067|GVKXCN V.V.|72
12720029|HGTEG WU|72
12720110|HQWNNGVQWTVG V.V.|72
12720144|NC EJCRGNNG CNVV|72
12720102|NC EJCTVTG C.R.|72
12720042|NC HGTVG XU|72
12720056|NC HNGEJG WUH VV|72
12720108|NC OKNGUUG VVC|72
12720049|NC UWBG GU|72
12720081|NG ITCPF NWEG WUVV|72
12720154|NG NWFG E.R.|72
12720023|NG OCPU CURVV|72
12720155|NG OCPU EUEO VV|72
12720004|NG OCPU U.Q OCKPG|72
12720104|NG OCPU UCTVJG VGPPKU FG VCDNG|72
12720002|NG OCPU W.U.O.|72
12720050|NG OCPU XKNNCTGV  VV|72
12720153|NQWG Cuuqekcvkqp Rkpi|72
12720066|OCOGTU EU|72
12720020|OCTGUEJG G.R. 138|72
12720141|OCAGV XKIKNCPVG VV|72
12720070|OGBKGTGU U RQPVJQWKP CU|72
12720147|OQPEG VGPPKU FG VCDNG|72
12720117|OQPVHQTV VV|72
12720016|OWNUCPPG RRE|72
12720071|RCTEG VV|72
12720027|RCTKIPG N'GXGSWG VVE|72
12720128|RKPI GPVTGRTKUG 72|72
12720009|TWCWFKP VGPPKU FG VCDNG|72
12720120|UCDNG VGPPKU FG VCDNG|72
12720084|UCKPV RCXCEG CU/PGWXKNNG|72
12720048|UCXKIPG N GXGSWG VV|72
12720127|UKNNG FW RCAU V.V.E.|72
12720062|URCA ER|72
12720005|UVG LCOOG OCKPG EQGWT UCTVJG VV|72
12720044|VGNQEJG VV|72
12720058|VTCPIG Vgppku fg Vcdng CUNE|72
12720134|XCNNQP WU VGPPKU FG VCDNG|72
12720045|XKDTCAG CUVV|72
12720006|AXTG N GXGSWG G.R.|72
01730094|CUUQEKCVKQP URQTVKXG F'CKOG|73
01730077|E.R UV LGCP FG OCWTKGPPG|73
01730068|EJCODGTA VGPPKU FG VCDNG|73
01730089|Enwd Vgppku Vcdng DGNNGA-AGPPG|73
01730007|GNCP FW DKQNNCA VGPPKU FG VCDNG|73
01730076|GPVGPVG CKZ ITGUA VV|73
01730074|QNAORKE ENWD VGPPKU VCDNG|73
01730090|RKPI TQEJGVVQKU|73
01730083|UV IGPKZ - FQOGUUKP V.V.|73
01730033|V.V. NC DCVJKG|73
01730051|V.V. NC OQVVG UGTXQNGZ|73
01730048|Vgppku fg vcdng f' Cndgtvxknng|73
01740065|CPPGEA NG XKGWZ - UKNNKPIA VV|74
01740003|CPPGEA VGPPKU FG VCDNG|74
01740077|CUUQE. RQPIKUVG XWCEJG|74
01740047|ENWUGU VGPPKU FG VCDNG|74
01740038|ETCP CPPGEA VV|74
01740010|ETWUGKNNGU VV|74
01740044|EUVV EJCOQPKZ|74
01740069|Enwd fg Vgppku fg Vcdng fg RQKUA|74
01740001|GPVGPVG RQPIKUVG CODKNNA|74
01740011|GXKCP URQTVU VGPPKU FG VCDNG|74
01740087|HKNNKGTG VGPPKU FG VCDNG|74
01740057|RCAU TQEJQKU gv IGPGXQKU VV 74|74
01740080|RKPI FG OCTIGPEGN|74
01740075|RKPI ICKNNCTFKP|74
01740063|UCNNCPEJGU VV|74
01740060|UGAPQF VGPPKU FG VCDNG|74
01740020|UVGNNC VJQPQP|74
01740090|VV NGU IGEMQU|74
01740045|VVE TWOKNNA|74
08751412|C U XKGVPCO|75
08750325|CNNKCPB CUE|75
08751058|COKECNG OCPKP URQTVU RCTKU-GUV|75
08751177|CR 17|75
08750100|CRUCR RCTKU|75
08750117|CU DCPSWG FG HTCPEG|75
08751450|CU HHVV|75
08751265|CU RQPIKUVGU 8gog|75
08750400|CU TWUUG|75
08750292|CUE DPR RCTKDCU|75
08750060|CUQTVH|75
08750153|CURVV ITCPF RCTKU|75
08751260|CUUQE.VGPPKU FG VCDNG RCTKU ZXg|75
08751457|CUUQEKCVKQP NKP PCO|75
08751371|Cuuqe. Rcvtqpcig Uckpvg Ogncpkg|75
08751460|Cuuqekcvkqp Urqtvkxg Pgy UHT|75
08751271|ERU 10gog|75
08751231|EUNI MGNNGTOCPP|75
08750007|EUOH RCTKU VV|75
08750487|GR 15|75
08750074|GURGTCPEG TGWKNNA|75
08750064|IGPGTCNK URQTV GV EWNVWTG|75
08750249|L C O RCTKU 14g|75
08750120|LWOR|75
08751459|NGRKE RQRWNCKTG|75
08750209|PCVKZKU DTGF|75
08751163|RCTKU 13 VGPPKU FG VCDNG|75
08751124|RCTKU KZ CVV|75
08751456|RKPI RCTKU 14|75
08751463|UOC URQTV|75
08751061|URQTVKPI RCTKU 20 VV|75
08751453|VGPPKU FG VCDNG RCTKU 16|75
08751423|VGPPKU FG VCDNG RNWU|75
08751445|W U EWTKCN ECODTCK|75
08750141|W U OGVTQ|75
08751249|WU 2 RCTKU|75
09760221|C COKECNG EQWTQPPCKUG|76
09760333|C UVGRJCPCKUG VV|76
09760308|C.U.N. QWXKNNG NC TKXKGT|76
09760069|CN FCTPGVCN|76
09760107|CNEN VV ITCPF SWGXKNNA|76
09760315|COHVV|76
09760457|COU RQPIKUVG UCKPVG OCTIWGTKVG|76
09760396|CU Oqvvgxknng Vgppku fg Vcdng|76
09760380|CU QTKXCN|76
09760129|CUE DQPUGEQWTU|76
09760206|CUE HTGPGWUG|76
09760419|CUE VQWUUCKPV VV|76
09760230|CUE XKNNCIGU TGWPKU|76
09760167|CUN DGTPGXCN|76
09760320|CUO COHTGXKNNG VV|76
09760341|CUU. XCTGPIGXKNNCKUG U.T.|76
09760414|CUUQE. VGPPKU FG VCDNG FW JCXTG|76
09760239|DNCKPXKNNG ETGXQP|76
09760420|DTGVVGXKNNG FW ITCPF ECWZ HU VV|76
09760100|E Q T UCPFQWXKNNG|76
09760425|ECPVGNGW OCTQOOG VV|76
09760461|EFH UCKPV LGCP FG NC PGWXKNNG|76
09760082|EG EJGXTQP URQTVU|76
09760007|EGR UV PKEQNCU CNKGTOQPV|76
09760368|ENWD NQKUKTU PQKPVQVCKU|76
09760046|ENWD RQPIKUVG FG UV UCGPU|76
09760428|EQH FWPQKUG RQPIKUVG|76
09760453|EQTRQ PQTOCPFKG Vgppku fg Vcdng|76
09760039|ER DCTGPVKP|76
09760201|ER DWEJA|76
09760104|ER ECPAECKU|76
09760403|ER ITCPFECOR|76
09760041|ER RCXKNNA|76
09760018|ER SWGXKNNCKU|76
09760014|ER AXGVQV|76
09760025|Egteng Urqtvkh Cnvkhcikgp|76
09760036|FKGRRG WPKXGTUKVCKTG ENWD|76
09760269|G U HTGUPQA HQNPA|76
09760319|GNCP DQGUKGP RQWT NC OCKVTKUG V|76
09760377|GPVGPVG RQPIKUVG FW TQDGE|76
09760168|GPVGPVG UCKPV RKGTTCKUG VV|76
09760415|GZZQPOQDKN ITCXGPEJQP UN|76
09760034|Gpvgpvg Vgppku fg Vcdng f'QKUUGN|76
09760127|Gvqkng Urqtvkxg Ctswckug|76
09760311|H.T.L.G.R. GUNGVVGU VV|76
09760342|HL HCWXKNNG|76
09760270|HL NC TGOWGG VV|76
09760374|HQAGT  TWTCN KUPGCWXKNNG|76
09760306|HQAGT F CWBGDQUE|76
09760012|I E Q DKJQTGN|76
09760156|IQWTPCA Vgppku fg Vcdng|76
09760218|ITCPF EQWTQPPG VGPPKU FG VCDNG|76
09760390|ITQWRGOGPV NC JGVTCKG|76
09760448|LGWPGUUG RQPI.XCNNKSWGTXKNN|76
09760366|NC ETKSWG  VV|76
09760286|NG JCXTG U'RQTV|76
09760442|NG VTCKV ACKPXKNNG RQPIKUVG|76
09760108|OGUPKN-GUPCTFVV|76
09760157|OQPV UCKPV CKIPCP VV|76
09760291|OQPVKXKNNKGTU Vgppku fg Vcdng|76
09760449|PQTXKNNG|76
09760351|RKPI HTCPSWGXKNNCKU|76
09760352|RNCVGCW JCXTCKU VV|76
09760259|RRE UV NCWTGPV GP ECWZ|76
09760382|TCEKPI ENWD RQTV FW JCXTG|76
09760015|TCSWGVVG ETKGNNQKUG|76
09760070|TCSWGVVG PGWHEJCVGNQKUG|76
09760297|TCSWGVVG URQTVKXG GPXGTOGW|76
09760028|TE ECWFGDGE|76
09760417|TH JGWSWGXKNNG|76
09760011|U UQVVGXKNNCKU EJGOP E|76
09760458|UCHTCP PCEGNNGU PQTOCPFKG URQTVU|76
09760004|URQ TQWGP Vgppku fg Vcdng|76
09760214|URQTVKPI ENWD FG VWTTGVQV|76
09760463|VGPPKU FG VCDNG QHHTCPXKNNCKU|76
09760456|VQWHHTGXKNNG VGPPKU FG VCDNG|76
09760136|VTQKU UGVU DQNDGECKU|76
09760416|VV DWNNA|76
09760447|VV FW ECKNNA|76
09760294|VV KPEJGXKNNG|76
09760391|VV UV XKIQT F AOQPXKNNG|76
09760266|W U HGECORQKUG|76
09760331|WU E DQKU IWKNNCWOG|76
09760430|WU EJGOKPQVU FKGRRG|76
09760256|WU NKNNGDQPPG VGPPKU FG VCDNG|76
08771172|CO RQPI. EJGXTKCTFU|77
08771236|COKECNG RQPIKUVG QBQKT|77
08771521|COKU RQPIKUVGU ETGEA NC EJCRGNNG|77
08771025|CU PCPFA VV|77
08771518|CUHV VV HQPVGPCA VTGUKIPA|77
08771365|CUR UCXKIPA|77
08771501|CUVV DTKG|77
08771314|CUVV EJCORU/OCTPG|77
08771508|CVV OQPVQKU|77
08770202|CVV SWKPEA|77
08771426|EGUUQP XGTV UV FGPKU VV|77
08770562|EJCORCIPG VGPPKU FG VCDNG|77
08770237|EJGNNGU VGPPKU FG VCDNG|77
08771200|EQDTCU FW NAU|77
08770426|EQODU UGPCTV VV|77
08770474|EQOV RQPVJKGTTA|77
08770499|EQWNQOOKGTU VV|77
08771402|ETKUGPQA VV|77
08771448|ETQKUUA DGCWDQWTI CU|77
08770665|EU EQWTVTA|77
08770135|EU OGCWZ VV|77
08771398|EVV DWUUA UV IGQTIGU|77
08770937|EVV FCOOCTVKP|77
08771201|EVV OQPVJAQP|77
08770250|EXVV XCKTGU|77
08771184|G. R. FG NQIPGU|77
08771515|HQPVCKPGDNGCW VV|77
08771514|ITKUA VV|77
08771394|NC EQORCPCKUG|77
08770166|NCIPA UWT OCTPG VGPPKU FG VCDNG|77
08770377|NG OIG URQTVU VV|77
08771202|OQKUUA ETCOCAGN VV|77
08771229|OQTOCPV Vgppku fg Vcdng|77
08771427|OQWTQWZ VGPPKU FG VCDNG|77
08770489|PCPIKU V.V.|77
08770865|PQKUKGN XNCP|77
08770169|RKPI-PGOQWTU|77
08771315|RQPIKUVGU FG XKNNGPQA|77
08771087|TQBCA GP DTKG VV|77
08771085|UCKPV LGCP V.V.|77
08770895|UE ITGVB VQWTPCP|77
08771446|UGTTKU XCN F'GWTQRG CVV|77
08771516|UQNGTU VGPPKU FG VCDNG|77
08771519|UV VJKDCWNV RKPI|77
08770911|VGPPKU FG VCDNG FG UCKPV-RCVJWU|77
08770955|VV HGTVQKU|77
08771506|VV RTQXKPQKU|77
08771154|W U DQKU NG TQK|77
08771304|W.V.V EQNNGIKGP|77
08771170|WOU VV RQPVCWNV EQODCWNV|77
08771337|WU OGNWPCKUG VV|77
08770408|WU TQKUUA VGPPKU FG VCDNG|77
08771303|WU XCWZ NG RGPKN|77
08770988|WUO XKNNGRCTKUKU VV|77
08781333|CDNKU CVV|78
08780935|CEJGTGU ENQE|78
08780485|CPFTGUA-OCWTGEQWTV VV|78
08780401|CWDGTIGPXKNNG EVV|78
08780529|DCKNNA PQKUA CUVV|78
08780338|DGAPGU VVE|78
08781474|DQKPXKNNG VV|78
08780447|DQKU F CTEA CU|78
08781413|DQPPKGTGU UVVD|78
08781476|ECTTKGTGU UWT UGKPG WU|78
08781465|EJCODQWTEA CUO|78
08781473|EJCVQW ETQKUUA VV|78
08780080|EJGUPCA 78 CU|78
08781290|ENCAGU/DQKU WUO|78
08780128|EQPHNCPU WU|78
08780496|GNCPEQWTV EVV|78
08781266|GUUCTVU CIUG|78
08780023|HQPVGPCA NG H. CU|78
08780902|ICODCKU CUIVV|78
08781144|ICTIGPXKNNG EQ|78
08781466|ITGUUGA OCWNGVVG RKPI RQPI|78
08780585|JQWKNNGU UQ|78
08781467|KUUQW VV|78
08780440|LQUCUUKGP VV|78
08781478|LWPIJGKPTKEJ HTCPEG VV CU|78
08780002|NKOCA CNL|78
08781162|OCIPCPXKNNG GU|78
08780130|OCKUQPU-NCHHKVVG. WU|78
08780114|OCPVCKUG CU|78
08780660|OCTNA NG TQK WU|78
08781006|OCWNQKUG WU|78
08780353|OCWTGRCU CU|78
08780892|OGUPKN UV F. CU|78
08780584|OGWNCP-OWT. WVV|78
08781017|OQPVGUUQP VV|78
08781094|OQPVHQTV VV WU|78
08780678|OQPVKIPA CU|78
08781480|QTIGTWU-VJQKTA UEVV|78
08781176|QTIGXCN VV|78
08781462|QZAIGPG UVGNNCPVKU|78
08781380|RGES WU|78
08780886|RGTTCA GU|78
08780905|RNCKUKTQKU ER|78
08780108|RQKUUA WUE|78
08781196|RQTEJGXKNNG CU|78
08780078|TCODQWKNNGV VV|78
08781481|TQUPGGPPG CUTVV|78
08780871|TQUPA EUO|78
08780568|UCKPV CTPQWNV WU|78
08781475|UCKPV EAT N'GEQNG VV|78
08780224|UCKPV IGTOCKP VWG|78
08781468|UCKPV PQO (Urqtvu Nqkuktu UPND)|78
08780674|UCKPV-TGOA-EJGXTGWUG VV|78
08780627|UCTVTQWXKNNQKU VV|78
08781477|USA RKPI|78
08781471|VTKGN VV|78
08781248|XCWZ VVE|78
08780356|XGNKBA EVV|78
08780890|XGTPGWKN WU|78
08780329|XGTUCKNNGU UEVV|78
08780107|XKTQHNCA WUO|78
10790009|Ckhhtgu VVE|79
10790163|Cktxcwnv RRE|79
10790011|Dtguuwktg GR|79
10790020|Dtgvkipqnngu GR|79
10790150|Dtgwkn Ejcwuugg ETCD|79
10790025|EUE Vjqwctu|79
10790015|Ejcvknnqp RRE|79
10790126|Ejgtxgwz C T|79
10790002|Eqodtcpf W.R.|79
10790043|Eqwtnca Nc Tcswgvvg|79
10790022|Htqpvgpca TT CHVV|79
10790069|Nc Etgejg Uckpvg Pgqocag VV|79
10790039|Nc Hgttkgtg UN|79
10790162|Nc Oqvjg Uv Jgtca CEOVV|79
10790040|Nc Tqpfg VV|79
10790024|Ocwngqp Vtkpkvcktgu VV|79
10790158|Oguug WU|79
10790235|Pkqtv Vgppku fg Vcdng|79
10790003|Pwgkn-ngu-Cwdkgtu C.R.|79
10790042|Rctvjgpca RRE|79
10790005|Rgtkipg VV|79
10790186|Rqorcktg Ogpkiqwvg|79
10790036|Tqtvjcku CR|79
10790229|UC Oqpeqwvcpv VV|79
10790236|URGGFA RKPI UCKPV-RKGTTG|79
10790234|Uckpv Ncwtu Enwd Rqpikuvg|79
10790058|Ugeqpfkipa RRE|79
10790038|Uv Ngigt fg Oqpvdtwp RRE|79
10790185|Uv Ockzgpv UCUO VV|79
10790204|Uv Ucwxgwt cur|79
10790071|Uv Xctgpv VV|79
10790045|Vgppku fg Vcdng Ektkgtgu|79
10790228|Xknnkgtu gp Rnckpg VU 44|79
07800008|CDDGXKNNG CEVV|80
07800006|CNDGTV W.U.Q.C VV|80
07800067|CNNGTA VV|80
07800005|COKGPU NN|80
07800001|COKGPU UVV|80
07800147|DGCWXCN VV|80
07800079|DGVJGPEQWTV WU|80
07800035|DNCPIA-DQWVVGPEQWTV UGR|80
07800023|DQWBKPEQWTV RRE|80
07800125|DQXGU CUVV|80
07800062|ECKZ-TQUKGTGU VVET|80
07800152|EF UQOOG VV|80
07800160|EJGRA VGPPKU FG VCDNG|80
07800066|FQOCTV/NC NWEG VV|80
07800106|FQWNNGPU-DGTPCXKNNG VV|80
07800071|FTGWKN VV|80
07800011|GRRGXKNNQKU VGPPKU fg VCDNG|80
07800013|HGWSWKGTGU GP XKOGW VV|80
07800033|HNCWEQWTV CUN|80
07800130|HQTV OCJQP RNCIG CCG PT|80
07800108|HQWTFTKPQA VV|80
07800015|HTKXKNNG-GUECTDQVKP-DGNNQA VV|80
07800102|NQPIWGCW GUE|80
07800004|OGTU NG VTGRQTV GW VV|80
07800074|OQPVFKFKGT RRE|80
07800040|OQTGWKN RRE|80
07800054|OWKNNG RRE|80
07800098|RGTQPPG VV|80
07800030|RKGTTGRQPV/CXTG WUN|80
07800014|RNGUUKGT TQBCKPXKNNGTU UE|80
07800064|RQKZ FG RKECTFKG WUVV|80
07800107|RTQACTV CUVV|80
07800018|RWBGCWZ CCG|80
07800153|TKDGOQPV/CPETG VV|80
07800088|TQAG RRE|80
07800126|TWG  W.R.|80
07800140|UV HWUEKGP VV|80
07800020|UV UCWHNKGW CUN|80
07800139|UV XCNGTA CUVV|80
07800156|VKPEQWTV-DQWENA HT EQNQIPG|80
07800128|XCWEJGNNGU CUX|80
07800141|XKIPCEQWTV VV|80
07800061|XKNNG NG OCTENGV-HNKZGEQWTV GPV|80
07800003|XKNNGTU-DTGVQPPGWZ RRE|80
11810001|CURVV CNDK vgppku fg vcdng|81
11810024|ECUVTGU VCTP-UWF VV|81
11810013|H N G R  NCECDCTGFG|81
11810033|NCDTWIWKGTG HWP RKPI|81
11810015|RKPI UV RCWNCKU|81
11810034|VGPPKU FG VCDNG ITCWNJGV|81
11810028|Vgppku fg Vcdng RCAU ICKNNCEQKU|81
11810003|W.R.OCBCOGVCKPG|81
11810008|W.U. ECTOCWZ VV|81
11820032|CU OQPVGEJ VV|82
11820026|CXGPKT OQPVDGVQPCKU VV|82
11820034|DGCWRWA-XGTFWP VV|82
11820018|EGTENG CVJNGVKSWG ECUVGNUCTTCUKP|82
11820011|N CVQWV UVGRJCPQKU|82
11820007|RRE ECWUUCFCKU|82
11820031|RRE FG OCNCWUG|82
11820027|V.V.UV RCWN F GURKU|82
11820008|W.U.OQPVCWDCP V.V.|82
11820035|WU ECUVGNOCATCP VGPPKU FG VCDNG|82
13830029|C O U N HTGLWU|83
13830013|C U UCKPV TCRJCGN|83
13830067|C.U. OCZKOG V.V.|83
13830096|CUVV XCT CTIGPU|83
13830031|CVV FTCEGPKG|83
13830093|DCTLQNU UV LWNKGP VV|83
13830068|E.V.V. UCKPV OCZKOKP|83
13830089|ENWD VGPPKU FG VCDNG CWRUQKU|83
13830015|ENWD VV EQIQNKP|83
13830088|ENWD XCNGVVQKU VV|83
13830064|EVV HQTECNSWGKTGV|83
13830022|GVQKNG RQPIKUVG RCAU FG HCAGPEG|83
13830025|NC ICTFG VGPPKU FG VCDNG|83
13830016|NC TCSWGVVG ECXCNCKTQKUG V.V|83
13830097|NQTIWGU GVQKNG URQTVKXG VV|83
13830087|OLE NG DGCWUUGV VV|83
13830086|RKPI RQPI QNNKQWNCKU|83
13830092|UCPCTA VV CUUQEKCVKQP|83
13830071|V.V. JAGTQKU|83
13830014|V.V.NWEQKU|83
13830066|VGPPKU FG VCDNG DTKIPQNGU|83
13830090|VGPPKU FG VCDNG NCXCPFQW DQTOGU|83
13830083|VQWNQP NC UGAPG Vgppku fg Vcdng|83
13830007|VV ECTSWGKTCPPCKU|83
13830062|VV RKGTTGHGW FW XCT|83
13830091|VV VTCPUKCP|83
13830051|Vgppku fg Vcdng Ukz-Hqwtu|83
13830060|W.U.VTQRGBKGPPG|83
13830044|WU NC ETCW VGPPKU FG VCDNG|83
13830059|XCNNGG FW ICRGCW VV|83
13840038|CURVV ECTRGPVTCU EQXG|84
13840006|CXGPKT RQPIKUVG OQPVGNCKU|84
13840005|ECXCKNNQP VV|84
13840021|ENWD RQPIKUVG QTCPIGQKU|84
13840064|GPVGPVG FGU RQPIKUVGU CRVGUKGPU|84
13840037|R R E EQWTVJGBQPPCKU|84
13840065|RGTVWKU UWF NWDGTQP VV|84
13840012|RKPI RQPI ENWD CXKIPQPPCKU|84
13840062|RKPI RQPI ENWD FG XCNTGCU|84
13840058|RRE N'KUNG UWT NC UQTIWG|84
13840013|RRE RGTPQKU|84
13840001|RRE UQTIWCKU|84
13840050|UVCTNKPG ENWD VGPPKU VCDNG|84
13840025|VGPPKU FG VCDNG OQTKGTGU|84
13840045|VV RWLCWV-ITCPF CXKIPQP|84
13840004|WU TCSWGVVG GPVTCKIWQKUG|84
12850028|CKBGPCA ERH|85
12851016|CNVVCP CWDKIPA/PGUOA V.V. (C.N.)|85
12850078|CPINGU RRE|85
12850031|CXTKNNG CU 85|85
12850033|DGCWHQW XGPFGG (CUN)|85
12850125|DGKIPQP DCUUGV VVC|85
12850016|DGNNGXKIPA GUDX|85
12850012|DQWKP G|85
12850126|DQWTPGBGCW GUDVV|85
12850143|DTGVKIPQNNGU VV|85
12850026|EJCNNCPU QRU|85
12850172|EJCPVQPPCA V.V.|85
12850051|EJCWEJG WU|85
12850037|EJCXCIPGU GP R. UVN|85
12850104|EQGZ ER|85
12850046|EQOOGSWKGTU VV|85
12850043|GRGUUGU (Ngu)|85
12850040|GUUCTVU VVG (Ngu)|85
12850024|HGTTKGTG XGPFGG VGPPKU FG VCDNG|85
12850138|HQPVCKPGU-FQKZ|85
12850020|HQPVGPCA VVE|85
12850162|IKTQWCTF|85
12850171|JGTDGTIGOGPV CUVV|85
12851011|JGTDKGTU (NGU) VGPPKU FG VCDNG|85
12850015|NCPFGU IGPWUUQP G|85
12851024|NG HNKR OQPVQKU - PF FG OQPVU|85
12850007|NGU CEJCTFU VV W.U.|85
12851030|NGU UCDNGU XGPFGG VGPPKU FG VCDN|85
12850097|NWEQP VV|85
12850091|OCIPKNU TGKIPKGTU CVV|85
12850134|OGKNNGTCKG T|85
12850021|OQTVCIPG HTCVGTPGNNG|85
12850109|OQWEJCORU ULVV|85
12850108|OQWKNNGTQP VV ENWD|85
12850030|OQWVKGTU OCWZHCKVU VV|85
12850170|PKGWN VGPPKU FG VCDNG|85
12850063|PQKTOQWVKGT CN|85
12851032|PQTF GUV XGPFGG VV|85
12850142|RQKTG UWT XKG CN|85
12850069|RQWBCWIGU C.E.V.V.|85
12851026|TCEKPI ENWD VV VCNOQPFCKU - TE3V|85
12850136|UCNNGTVCKPG VVO|85
12850042|UV CPFTG I. F QKG WU|85
12850093|UV CWDKP-UV OCTVKP-ICWDT.|85
12850163|UV EJTKUVQRJG FW NKIPGTQP|85
12850034|UV FGPKU EJGXCUUG GU|85
12851018|UV HNQTGPV VGPPKU FG VCDNG|85
12850072|UV IKNNGU GR|85
12850057|UV JKNCKTG FG NQWNCA|85
12850014|UV NCWTGPV U/U CUEO|85
12850135|UV OCTU TGQTVJG VV|85
12850107|UV OCTVKP PQAGTU GUOVV|85
12850167|UV OGUOKP/OQPVQWTPCKU CGEO VV|85
12850153|UV RCWN GP R. HCTHCFGVU VV|85
12850154|UV XKPEGPV UWT ITCQP|85
12850060|UVG HNCKXG NU|85
12851012|UVG HNQ/XGPFTGPPGU GU|85
12850001|Urqtvkpi Enwd Lctfcku Vgppku fg|85
12850111|VCTFKGTG EVV|85
12851028|VGPPKU FG VCDNG ENWD ICTPCEJQKU|85
12850023|VGPPKU FG VCDNG NC TQEJG XGPFGG|85
12850032|VV IGPGVQWBG / XGPCPUCWNV|85
12851025|VV OQPVU GV XCNNGGU|85
12851027|WU DGCWTGRCKTG / UV HWNIGPV|85
10860031|CUVV Ejcvgnngtcwnv|86
10860015|CUVV Fcpig / Ngu Qtogu|86
10860225|Dgcwoqpv  HGRU|86
10860230|Ejcuugpgwkn Rkpi Fgxgnqrrgogpv|86
10860231|Ejcwxkipa V.V.|86
10860187|Ekxtca VV|86
10860017|Gpvgpvg Rqpikuvg VGTEG/UV-LWNKGP|86
10860024|HWVWTQ XCN XGTV VV|86
10860044|Nc Tqejg Rquca Vgppku fg Vcdng|86
10860005|Nqwfwp RREN|86
10860149|Nwukipcp CU Ognwukpg|86
10860084|Oqpvcokug VV|86
10860193|Pckpvtg OLE|86
10860016|Pgwxknng HLGRU|86
10860038|Pqwcknng-Ocwrgtvwku VV|86
10860229|Rqkvkgtu Uvcfg Rqkvgxkp VV|86
10860035|Rqkvkgtu VVCEE 86|86
10860122|Uv Dgpqkv VV|86
10860021|Uv Ucxkp Uv Igtockp EVV|86
10860234|V.V.O.C|86
10860213|Xgttkgtgu Gpv Rqpikuvg|86
10860006|Xkxqppg WU|86
10870116|DGNNCE EVV (87)|87
10870109|DQKUUGWKN VV (87)|87
10870081|EQWBGKZ VGPPKU FG VCDNG (87)|87
10870132|GR DGUUKPGU UV UWNRKEG NCWTKGTG|87
10870130|GAOQWVKGTU VV (87)|87
10870037|NG RCNCKU-UWT-XKGPPG GUR. (87)|87
10870003|NKOQIGU CNQWGVVG VV (87)|87
10870017|NKOQIGU E.C.R.Q VV (87)|87
10870007|NKOQIGU NC UCKPV-CPVQKPG VV (87)|87
10870110|PCPVKCV WUVV (87)|87
10870029|QTCFQWT-UWT-XCATGU VV (87)|87
10870031|RCPCBQN RCPC-NQKUKTU VV (87)|87
10870101|RUC CKZG-UWT-XKGPPG  (87)|87
10870128|UCKPV-IGPEG GNCP URQTVKH (87)|87
10870028|UCKPV-LWPKGP CU (87)|87
10870117|UCKPV-ATKGKZ-NC-RGTEJG GCVV (87)|87
06880002|CPQWNF Egteng Rqpikuvg|88
06880021|DCKPU NGU DCKPU CO.RQPI.|88
06880157|DGIPGEQWTV H Twtcn OCFQP KNNQP|88
06880119|EJCTOGU-XKPEGA V.V.|88
06880101|FQOHCKPI-DTWAGTGU Gpv.OLE|88
06880146|FQORCKTG WUVV|88
06880066|GNQAGU E.N.N.V.V.|88
06880071|GRKPCN V.U.R.|88
06880123|GVKXCN CUTVV|88
06880143|JCFKIPA HT VV|88
06880113|NC DQWTIQPEG UV OKEJGN VV|88
06880060|NC DTGUUG V.V.|88
06880018|NC JQWUUKGTG-XCPGOQPV CUVV|88
06880049|OKTGEQWTV Nkhv Enwd|88
06880138|OQPVJWTGWZ UWT UCQPG VV|88
06880086|OQAGPOQWVKGT XTVV|88
06880007|PGWHEJCVGCW V.V.|88
06880159|RQPIKUVGU IGTQOQKU|88
06880051|Tcswgvvg Iqndigppg|88
06880010|UCKPV FKG UTFVV|88
06880073|UCKPVG OCTIWGTKVG E.V.V.|88
06880140|VGPPKU FG VCDNG VJKCXKNNG HT|88
06880145|VJCQP EJGPKOGPKN G.U.V.V.|88
06880064|VV fgu Dcnnqpu fgu Jcwvgu Xquigu|88
06880017|WBGOCKP|88
06880050|XCIPGA C.V.V.|88
06880022|XKVVGN UCKPV TGOA VV|88
06880083|ZQPTWRV C.U.E.Z.N. V.V.|88
02890059|CU FQOCVU UGPU VV|89
02890023|CU ICBGNGE CWZGTTG|89
02890005|CU XKNNGPGWXG-NC-IWACTF|89
02890006|CXGPKT FG RCTQP VV|89
02890062|GPV URQTVKXG FW HNQTGPVKPQKU|89
02890010|GU VV CRRQKIPA|89
02890064|HUG ETCXCPV VV|89
02890019|RRE CXCNNQPPCKU|89
02890057|Ugevkqp fg n'CU JGTA V.V|89
02890061|WPKQP URQTV. FW ECPVQP F EJCTPA|89
02890032|WU LQKIPA|89
02900015|CENTG TGEJGUA|90
02900039|CUO DGNHQTV VGPPKU FG VCDNG|90
02900041|CVV ITCPFXKNNCTU|90
02900003|EE FCPLQWVKP|90
02900042|ENWD RQPIKUVG FG IKTQOCIPA|90
02900023|HQAGT TWTCN XGBGNQKU|90
02900013|HT TQWIGOQPV NG EJCVGCW|90
02900047|NC ETCXCPEJQKUG - ETCXCPEJG VV|90
02900028|NC UCXQWTGWUG - EJCVGPQKU|90
02900038|OQPVDQWVQP|90
02900046|QHHGOQPV VGPPKU FG VCDNG|90
08910303|CTRCLQP GUT|91
08910402|CU EQTDGKN-GUUQPPGU VV|91
08911471|CU KVVGXKNNG VGPPKU FG VCDNG|91
08910642|CU YKUUQWU VV|91
08910102|CVJKU OQPU WUQ|91
08911467|DCNNCKPXKNNKGTU VV|91
08910567|DCNNCPEQWTV UVV|91
08911225|DQWVKIPA-XCATGU VV|91
08910916|DTGVKIPA EU|91
08911064|DTGWKNNGV GU|91
08911132|DTWPQA EVV|91
08910438|DWTGU/AXGVVG WU|91
08911458|EJGXCPPGU - VGPPKU FG VCDNG|91
08911050|EJGXTA KK|91
08910918|EJKNNA-OQTCPIKU EVV|91
08910214|FTCXGKN VGPPKU FG VCDNG|91
08910667|FWEMU FG DQPFQWHNG|91
08910652|GRKPCA/QTIG VV|91
08910004|GURGTCPEG fg ETQUPG|91
08910442|GVCORGU EVV|91
08910914|GVTGEJA CUGVV|91
08911465|ITKIPA VGPPKU FG VCDNG WUIVV|91
08910861|KIPA V.V.|91
08911430|LCPXKNNG-NCTFA CUN|91
08911161|NC HGTVG CNCKU U.G.V.V.|91
08911285|NC XKNNG FW DQKU EQ|91
08910578|NG RNGUUKU RCVG V.V.|91
08910544|NGU WNKU EQ|91
08911368|NKPCU OQPVNJGTA G.U.C.|91
08910591|NQPIRQPV QOPKURQTVU (N.Q.U.)|91
08910359|NRQ NQPILWOGCW|91
08911021|OCTEQWUUKU CU|91
08910028|OCUUA GU|91
08911323|OGPPGEA VV|91
08911439|OKNNA OCKUUG VGPPKU FG VCDNG|91
08910165|OQPVIGTQP (GUOVV)|91
08910881|OQTUCPI VGPPKU FG VCDNG|91
08911379|QTOQA VGPPKU FG VCDNG|91
08911009|QTUCA EC|91
08910042|RCNCKUGCW WU|91
08911468|RKPI UCKPV OKEJGN UWT QTIG|91
08910434|TKU QTCPIKU WU|91
08910366|UCENCA CUEGC|91
08910889|UCENCA EQ|91
08911469|UCKPV IGTOCKP NGU EQTDGKN VV|91
08910310|UCXKIPA UQ RKPI|91
08911334|Uv RKGTTG FW RGTTCA EUN|91
08910876|Uvg IGPGXKGXG UR|91
08911206|VW XGTTKGTGU VV|91
08911456|XCN F QTIG (Gpvgpvg Rqpikuvg)|91
08911395|XCWITKIPGWUG EUOX|91
08911280|XKNNGDQP/AXGVVG CU|91
08910077|XKTA EJCVKNNQP GU|91
08911083|AGTTGU CVV|91
08911461|IXTA-EQWTEQWTQPPGU VV|91
08921519|CEuKQO|92
08920031|CPVQPA UR VGPPKU FG VCDNG|92
08920646|CUPKGTGU VV|92
08920140|CUUQE. URQTVKXG HQPVGPCKUKGPPG|92
08920075|DQKU EQNQODGU URQTVU|92
08920049|DQWNQIPG DKNNCPEQWTV CE|92
08920389|DQWTI  NC TGKPG CU|92
08920063|EJCVGPCA OCNCDTA  V V CUX|92
08920111|ENCOCTV EUO|92
08920066|ENKEJA UWT UGKPG EU|92
08920076|EPTU DGNNGXWG URQTVU|92
08920137|EQNQODGU GU|92
08920025|EQWTDGXQKG URQTV VGPPKU FG VCDNG|92
08921522|FCUUCWNV URQTVU|92
08921344|GU TGPCWNV|92
08921526|HQTVWPGQ EOC|92
08921393|IGPPGXKNNKGTU EUO|92
08921524|KPUGG RCTKU ENWD|92
08921190|KUUA-NGU-OQWNKPGCWZ|92
08920126|NC ICTGPPG EQNQODGU CG|92
08921458|NGXCNNQKU URQTVKPI ENWD VV|92
08920018|OCNCMQHH WUOO|92
08920067|OGWFQP CU|92
08920234|PCPVGTTG GU|92
08920312|PGWKNNA CU UV RKGTTG|92
08920503|RNGUUKU TQDKPUQP VV|92
08921256|RWVGCWZ VV EUO|92
08920309|TWGKN CVJNGVKE ENWD VV|92
08921164|UEGCWZ V.V.|92
08921182|UO OQPVTQWIG|92
08921316|UVCFG FG XCPXGU|92
08921322|UWGB|92
08921244|UWTGUPGU CUVV|92
08920151|VgppkuVcdng Owpkekrcn Ejcvknnqp|92
08921099|XKNNGPGWXG NC ICTGPPG|92
08920505|XQNVKIGWTU FG DKNNCPEQWTV|92
08931463|CNUVQO UUC|93
08930001|CWDGTXKNNKGTU EOVV|93
08931465|CWFQPKGPPG WUOC VV|93
08930059|CWNPCAUKGPU CR|93
08930490|DQDKIPA CE|93
08931011|DQWTIGVKP EVV|93
08931057|FTCPEA LC|93
08931464|GRKPCA U/U EUOG VV|93
08930003|ICIPA WUO|93
08931313|IGTXCKUKGPPG GRRI|93
08931320|NGU NKNCU VV|93
08930430|NKXTA-ICTICP GR|93
08931358|OQPVTGWKN GU|93
08930928|PGWKNNA UWT OCTPG VV|93
08930610|PQKUA NG ITCPF EUVV|93
08931468|RCPVKP EVV|93
08930452|RCXKNNQPPCKU UG|93
08930148|TQOCKPXKNNQKU VV|93
08930185|TQUPA LC|93
08930009|TQUPA U/DQKU OCTPCWFGU VV|93
08931466|UCKPV-FGPKU VV93|93
08931032|UVCKPU GU-RKGTTGHKVVG CU|93
08930113|XKNNGOQODNG URVV|93
08930598|XKNNGRKPVG UVVV|93
08940012|CCU HTGUPGU VGPPKU FG VCDNG|94
08940458|CN XKNNGETGUPGU VGPPKU FG VCDNG|94
08940033|CNHQTV LU|94
08940030|CNHQTVXKNNG WU|94
08941466|COKECNG DQKUUGGPPG FG VV|94
08940121|CTEWGKN GNCP|94
08941464|CUUQEKCVKQP UCPVGPQKUG FG VGPPKU|94
08941461|CUVV Dqkuua Uckpv Niigt|94
08940866|DTGXCPPCKUG CU|94
08940577|DTA RUE|94
08940070|EC N'JCA NGU TQUGU VV|94
08941282|ECEJCP EQ VV|94
08941458|EGOGZ-UCPQHK-VV|94
08940052|EJCTGPVQP VGPPKU FG VCDNG|94
08940326|EJGXKNNA GNCP|94
08940872|EJQKUA NG TQK VV|94
08941460|GUUK-RKPI|94
08940073|HQPVGPCAUKGPPG Wpkqp Urqtvkxg VV|94
08940455|KIP CU|94
08941343|KXTA WU VV|94
08940975|MTGONKP DKEGVTG WU|94
08940524|PQIGPV VV|94
08941403|PQKUGCW UU VGPPKU FG VCDNG|94
08940942|QTNA CU|94
08940894|QTOGUUQP WU|94
08940482|RGTTGWZ CR|94
08940926|RNGUUKU-VTGXKUG VGPPKU FG VCDNG|94
08941100|T.U.E. EJCORKIPA|94
08941180|TWPIKU RKPI|94
08941352|UCKPV OCWTKEG VV|94
08940535|UWEA GU|94
08940459|VJKCKU CU VV|94
08940655|WU ETGVGKN VGPPKU FG VCDNG|94
08940976|XIC UV OCWT WU VV|94
08941359|XKNNGLWKH WU|94
08940549|XKNNKGTU GU|94
08940096|XKPEGPPQKU VV|94
08940448|XKVTA GU|94
08951458|CFCOQKU VGPPKU FG VCDNG|95
08950623|CTIGPVGWKN VV|95
08951460|CU URQTV gv DKGP JVTG|95
08950570|CUVV RWKUGWZ FW ITCPF TQKUUA|95
08950882|CWXGTU CVV|95
08950553|DGCWEJCOR EVV|95
08950022|DGCWOQPV WOQ|95
08951366|DGUUCPEQWTV VVD|95
08950092|EJCODNA CUE|95
08951399|EQWTFKOCPEJG E.Q.|95
08950262|FQOQPV VGPPKU FG VCDNG|95
08950978|GCWDQPPG EUO VV|95
08950424|GPIJKGP ENWD FG VGPPKU FG VCDNG|95
08950545|GPPGTA WU|95
08951411|GTOQPV RNGUUKU DQWEJCTF|95
08950481|GBCPXKNNG GEQWGP WU|95
08951268|HQUUGU OCTNA VV|95
08950103|HTCPEQPXKNNG EVV|95
08951222|ICTIGU VGPPKU FG VCDNG|95
08950974|IQPGUUG VV|95
08950479|JGTDNCA CUVV|95
08951092|LQWA NG OQWVKGT-XCWTGCN VV|95
08951331|NC HTGVVG GUHVV|95
08951452|NGU TCSWGVVGU FG OCIPA|95
08950088|OCTGKN HT|95
08951447|OCTKPQKU VV|95
08951449|OGPWEQWTV CUVV|95
08951312|OGTA WU VV|95
08950348|OQPVOCIPA ITQUNCA VVE|95
08950435|OQPVOQTGPEA CUOVV|95
08950531|OQPVUQWNV WUODO|95
08950330|RQPVQKUG EGTIA C.U.|95
08951386|RTGUNGU Vgppku fg Vcdng|95
08951273|UCPPQKU  VV|95
08950917|UV DTKEG X.Q|95
08950083|UV ITCVKGP CU|95
08950119|UV NGW GVQKNG|95
08951451|UV OCTVKPQKU VV|95
08950260|UV RTKZ CUVV|95
08950129|VCXGTPA VGPPKU FG VCDNG|95
